BNB,BNB,0xB8c77482e45F1F44dE1745F52C74426C631bDD52,$6.4811,-2.49%,"$37,255,279"
USDC,USD Coin,0xa0b86991c6218b36c1d19d4a2e9eb0ce3606eb48,$1.0092,-0.26%,"$15,099,155"
MKR,Maker,0x9f8f72aa9304c8b593d555f12ef6589cc3a579a2,$434.0524,-8.47%,"$864,476"
VEN,VeChain,0xd850942ef8811f2a866692a623011bde52a462c1,$0.0041,-3.71%,"$6,438,223"
TUSD,TrueUSD,0x0000000000085d4780B73119b644AE5ecd22b376,$1.0106,0.05%,"$52,856,517"
REP,Reputation,0x1985365e9f78359a9B6AD760e32412f4a445E862,$16.8792,-8.06%,"$18,989,718"
OMG,OmiseGO,0xd26114cd6EE289AccF82350c8d8487fedB8A0C07,$1.2544,-7.51%,"$38,934,532"
ZIL,Zilliqa,0x05f4a42e251f2d52b8ed15e9fedaacfcef1fad27,$0.0210,-5.59%,"$11,047,686"
LINK,ChainLink Token,0x514910771af9ca656af840dff83e8264ecf986ca,$0.4834,-2.09%,"$8,313,834"
ZRX,ZRX,0xe41d2489571d322189246dafa5ebde1f4699f498,$0.2855,-4.62%,"$7,255,729"
BAT,BAT,0x0d8775f648430679a709e98d2b0cb6250d2887ef,$0.1217,-6.40%,"$6,258,099"
PAX,Paxos Standard,0x8e870d67f660d95d5be530380d0ec0bd388289e1,$1.0075,-0.26%,"$79,678,335"
R,Revain,0x48f775efbe4f5ece6e0df2f7b5932df56823b990,$0.2227,-6.49%,"$3,254,787"
ICX,ICON,0xb5a5f22694352c15b00323844ad545abb2b11028,$0.2273,-6.75%,"$4,664,085"
HOT,HoloToken,0x6c6ee5e31d828de241282b9606c8e98ea48526e2,$0.0007,-13.25%,"$9,911,308"
AE,Aeternity,0x5ca9a71b1d01849c0a95490cc00559717fcf0d1d,$0.4223,-4.87%,"$9,819,040"
GUSD,Gemini dollar,0x056fd409e1d7a124bd7017459dfea2f387b6d5cd,$1.0054,0.17%,"$141,896,748"
SNT,StatusNetwork,0x744d70fdbe2ba4cf95131626614a1763df805b9e,$0.0226,-8.62%,"$15,279,849"
IOST,IOSToken,0xfa1a856cfa3409cfa145fa4e20eb270df3eb21ab,$0.0064,-3.14%,"$5,883,438"
NPXS,Pundi X Token,0xa15c7ebe1f07caf6bff097d8a589fb8ac49ae5b3,$0.0005,-7.52%,"$4,348,187"
BTM,Bytom,0xcb97e65f07da24d46bcdd078ebebd7c6e6e3d750,$0.0764,-3.23%,"$2,751,182"
DAI,Dai Stablecoin v1.0,0x89d24a6b4ccb1b6faa2625fe562bdd9a23260359,$1.0006,-0.18%,"$4,093,755"
MCO,Crypto.com,0xb63b606ac810a52cca15e44bb630fd42d8d1d83d,$4.3854,2.73%,"$6,222,977"
PPT,Populous,0xd4fa1460f537bb9085d22c7bccb5dd450ef28e3a,$1.2914,-6.45%,"$1,067,321"
AOA,Aurora,0x9ab165d795019b6d8b3e971dda91071421305e5a,$0.0104,-4.85%,"$1,990,430"
ODEM,ODEM Token,0xbf52f2ab39e26e0951d2a02b49b7702abe30406a,$0.2829,0.01%,"$892,323"
GNT,Golem,0xa74476443119A942dE498590Fe1f2454d7D4aC0d,$0.0646,-7.98%,"$1,238,059"
PPP,PayPie,0xc42209aCcC14029c1012fB5680D95fBd6036E2a0,$0.7152,--,$244
LRC,Loopring,0xef68e7c694f40c8202821edf525de3782458639f,$0.0692,2.19%,"$9,488,100"
HT,HuobiToken,0x6f259637dcd74c767781e37bc6133cd6a68aa161,$1.0480,-0.97%,"$9,065,180"
BCZERO,Buggyra Coin Zero,0xd45247c07379d94904e0a87b4481f0a1ddfa0c64,$0.0309,78.98%,"$53,172"
PAY,TenXPay,0xB97048628DB6B661D4C2aA833e95Dbe1A905B280,$0.4399,22.31%,"$6,716,353"
INB,Insight Chain,0x17aa18a4b64a55abed7fa543f2ba4e91f2dce482,$0.2912,-1.31%,"$1,444,298"
WTC,Walton,0xb7cb1c96db6b22b0d3d9536e0108d062bd488f74,$1.1335,-5.99%,"$1,231,756"
XIN,Mixin,0xa974c709cfb4566686553a20790685a47aceaa33,$100.5885,-4.80%,"$17,738"
PRL,Oyster Pearl,0x1844b21593262668b7248d0f57a220caaba46ab9,$0.5102,--,$0
POWR,PowerLedger,0x595832f8fc6bf59c85c527fec3740a1b7a361269,$0.1076,-7.16%,"$3,049,178"
Dentacoin,Dentacoin,0x08d32b0da63e2C3bcF8019c9c5d849d7a9d791e6,$0.0001,-4.46%,"$35,324"
MANA,Decentraland,0x0f5d2fb29fb7d3cfee444a200298f468908cc942,$0.0380,-5.52%,"$1,869,517"
AION,AION,0x4CEdA7906a5Ed2179785Cd3A40A69ee8bc99C466,$0.1327,-7.19%,"$1,789,357"
DGD,DGD,0xe0b7927c4af23765cb51314a0e0521a9645f0e2a,$17.6227,-6.31%,"$197,003"
WAX,WAX Token,0x39bb259f66e1c59d5abef88375979b4d20d98022,$0.0368,-7.49%,"$468,222"
LKY,Linkey Token,0x49bd2da75b1f7af1e4dfd6b1125fecde59dbec58,$0.6829,2.64%,"$621,039"
EURS,STASIS EURS Token,0xdb25f211ab05b1c97d595516f45794528a807ad8,$1.1004,-1.30%,"$192,873"
BNT,Bancor,0x1f573d6fb3f13d689ff844b4ce37794d79a7ff1c,$0.5457,-4.79%,"$821,280"
POLY,Polymath,0x9992ec3cf6a55b00978cddf2b27bc6882d88d1ec,$0.1178,-6.74%,"$2,615,251"
NEXO,Nexo,0xb62132e35a6c13ee1ee0f84dc5d40bad8d815206,$0.0586,-10.32%,"$3,575,056"
THETA,Theta Token,0x3883f5e181fccaf8410fa61e12b59bad963fb645,$0.0461,-6.43%,"$1,339,951"
QASH,QASH,0x618e75ac90b12c6049ba3b27f5d5f8651b0037f6,$0.0894,-3.75%,"$292,787"
CRO,Crypto.com Chain,0xa0b73e1ff0b80914ab6fe0444e65848c4c34450b,$0.0138,-7.77%,"$609,997"
QKC,QuarkChain Token,0xea26c4ac16d4a5a106820bc8aee85fd0b7b2b664,$0.0339,-10.23%,"$14,750,881"
LOOM,Loom,0xa4e8c3ec456107ea67d3075bf9e3df3a75823db0,$0.0435,-7.66%,"$1,298,797"
MGO,MobileGo,0x40395044Ac3c0C57051906dA938B54BD6557F212,$0.2673,-5.46%,"$8,225,918"
OSA,OSAToken,0xc6abf3c09341741ac6041b0b08195701bdfd460c,$0.0303,-5.27%,"$1,225,119"
VERI,Veritaseum,0x8f3470A7388c05eE4e7AF3d01D8C722b0FF52374,$11.9203,-6.53%,"$1,428,021"
FUN,FunFair,0x419d0d8bdd9af5e606ae2232ed285aff190e711b,$0.0045,-6.44%,"$686,093"
NULS,Nuls,0xb91318f35bdb262e9423bc7c7c2a3a93dd93c92c,$0.3965,-5.60%,"$7,846,167"
ENJ,EnjinCoin,0xf629cbd94d3791c9250152bd8dfbdf380e2a3b9c,$0.0327,-3.99%,"$796,243"
AGI,SingularityNET,0x8eb24319393716668d768dcec29356ae9cffe285,$0.0461,-4.77%,"$207,134"
BHPC,BHPCash,0xee74110fb5a1007b06282e0de5d73a61bf41d9cd,$0.7080,1.96%,$0
NAS,Nebulas,0x5d65D971895Edc438f465c17DB6992698a52318D,$0.5402,-7.26%,"$2,537,444"
DGTX,DigitexFutures,0x1c83501478f1320977047008496dacbd60bb15ef,$0.0332,-5.20%,"$323,152"
EDO,Eidoo,0xced4e93198734ddaff8492d525bd258d49eb388e,$0.8254,-6.00%,"$323,171"
CREDO,Credo Token,0x4e0603e2a27a30480e5e3a4fe548e29ef12f64be,$0.0429,-6.58%,$483
EDR,Endor Protocol Token,0xc528c28fec0a90c083328bc45f587ee215760a0f,$0.0322,-8.77%,"$2,160,249"
WIC,WaykiCoin,0x4f878c0852722b0976a955d68b376e4cd4ae99e5,$0.1214,-3.10%,"$422,667"
KIN,Kin,0x818fc6c2ec5986bc6e2cbf00939d90556ab12ce5,$0.0000,1.91%,"$236,792"
CMT,CyberMiles,0xf85feea2fdd81d51177f6b8f35f0e6734ce45f5f,$0.0282,1.19%,"$6,146,007"
KNC,KyberNetwork,0xdd974d5c2e2928dea5f71b9825b8b646686bd200,$0.1347,-8.00%,"$2,856,723"
ENG,Enigma,0xf0ee6b27b759c9893ce4f094b49ad28fd15a23e4,$0.2777,-4.41%,"$307,796"
CENNZ,Centrality Token,0x1122b6a0e00dce0563082b6e2953f3a943855c1f,$0.0246,--,$0
SAN,SAN,0x7c5a0ce9267ed19b22f8cae653f198e3e8daf098,$0.3100,-6.01%,"$16,334"
DRGN,Dragon,0x419c4db4b9e25d6db2ad9691ccb832c8d9fda05e,$0.0814,-3.69%,"$285,823"
ETHOS,Ethos,0x5af2be193a6abca9c8817001f45744777db30756,$0.2088,-2.97%,"$4,316,537"
STORJ,Storj,0xb64ef51c888972c908cfacf59b47c1afbc0ab8ac,$0.1376,-10.53%,"$867,744"
DENT,DENT,0x3597bfd533a99c9aa083587b074434e61eb0a258,$0.0011,-5.21%,"$1,299,591"
RNT,OneRoot Network,0xff603f43946a3a28df5e6a73172555d8c8b02386,$0.0658,-2.03%,"$270,013"
CVC,Civic,0x41e5560054824ea6b0732e656e3ad64e20e94e45,$0.0525,-4.53%,"$394,493"
MXM,Maximine Coin,0x6a750d255416483bec1a31ca7050c6dac4263b57,$0.0118,-0.29%,"$964,991"
SALT,Salt,0x4156D3342D5c385a87D264F90653733592000581,$0.2208,-8.24%,"$1,032,875"
BRD,Bread,0x558ec3152e2eb2174905cd19aea4e34a23de9ad6,$0.1985,-7.51%,"$152,184"
SXDT,Spectre.ai D-Token,0x12b306fa98f4cbb8d4457fdff3a0a0a56f07ccdf,$0.2120,16.64%,"$8,190"
SUB,Substratum,0x12480e24eb5bec1a9d4369cab6a80cad3c0a377a,$0.0447,-10.52%,"$208,350"
SRN,SIRIN,0x68d57c9a1c35f63e2c83ee8e49a64e9d70528d25,$0.0340,-7.18%,"$558,188"
QNT,Quant,0x4a220e6096b25eadb88358cb44068a3248254675,$1.7076,-14.32%,"$1,391,415"
AUTO,CUBE,0x622dFfCc4e83C64ba959530A5a5580687a57581b,$0.0024,-0.26%,"$425,360"
EDG,Edgeless,0x08711d3b02c8758f2fb3ab4e80228418a7f8e39c,$0.1652,-4.50%,"$172,495"
REQ,Request,0x8f8221afbb33998d8584a2b05749ba73c37a938a,$0.0225,-10.40%,"$547,250"
OCN,OCoin,0x4092678e4e78230f46a1534c0fbc8fa39780892b,$0.0028,-7.84%,"$3,058,521"
TOMO,Tomocoin,0x8b353021189375591723e7384262f45709a3c3dc,$0.2745,-4.48%,"$321,052"
ICN,ICONOMI,0x888666CA69E0f178DED6D75b5726Cee99A87D698,$0.1608,-1.37%,$895
TCT,TokenClub Token,0x4824a7b64e3966b0133f4f4ffb1b9d6beb75fff7,$0.0328,3.39%,"$482,226"
NEC,Ethfinex Nectar Token,0xcc80c051057b774cd75067dc48f8987c4eb97a5e,$0.1915,-18.06%,$85
CND,Cindicator,0xd4c435f5b09f855c3317c8524cb1f586e42795fa,$0.0109,-8.42%,"$197,679"
LOC,LockTrip,0x5e3346444010135322268a4630d2ed5f8d09446c,$1.0422,0.89%,"$140,869"
CTXC,Cortex Coin,0xea11755ae41d889ceec39a63e6ff75a02bc1c00d,$0.1035,-1.44%,"$1,292,105"
RLC,RLC,0x607F4C5BB672230e8672085532f7e901544a7375,$0.1929,-5.26%,"$171,436"
GVT,Genesis Vision,0x103c3A209da59d3E7C4A89307e66521e081CFDF0,$3.4857,-8.71%,"$1,882,896"
XYO,XY Oracle,0x55296f69f40ea6d20e478533c15a6b08b654e758,$0.0026,-2.56%,"$30,893"
GTO,Gifto,0xc5bbae50781be1669306b9e001eff57a2957b09d,$0.0275,-5.35%,"$4,846,507"
STORM,Storm,0xd0a4b8946cb52f0661273bfbc6fd0e0c75fc6433,$0.0029,-7.45%,"$1,045,110"
EVN,EvenCoin,0x68909e586eeac8f47315e84b4c9788dd54ef65bb,$0.6481,-7.65%,"$449,588"
MFT,Mainframe Token,0xdf2c7238198ad8b389666574f2d8bc411a4b7428,$0.0028,-9.24%,"$4,262,376"
C20,Crypto20,0x26e75307fc0c021472feb8f727839531f112f317,$0.3459,-2.60%,"$92,490"
BIX,BIX Token,0xb3104b4b9da82025e8b9f8fb28b3553ce2f67069,$0.1251,-4.26%,"$760,995"
MDA,Moeda Loyalty Points,0x51db5ad35c671a87207d88fc11d593ac0c8415bd,$0.6824,-8.00%,"$978,755"
ANT,Aragon,0x960b236A07cf122663c4303350609A66A7B288C0,$0.4465,-5.01%,"$32,920"
TEL,Telcoin,0x85e076361cc813a908ff672f9bad1541474402b2,$0.0004,-7.55%,"$36,264"
QBIT,Qubitica,0x1602af2c782cc03f9241992e243290fccf73bb13,$4.6683,-1.35%,"$1,826"
DATA,DATAcoin,0x0cf0ee63788a0849fe5297f3407f701e122cc023,$0.0192,-2.13%,"$1,405,020"
POE,Po.et,0x0e0989b1f9b8a38983c2ba8053269ca62ec9b195,$0.0052,-8.37%,"$714,978"
GNO,Gnosis,0x6810e776880c02933d47db1b9fc05908e5386b96,$11.4306,-2.20%,"$66,399"
BZNT,BezantToken,0xe1aee98495365fc179699c1bb3e761fa716bee62,$0.0241,-6.17%,"$831,961"
PMA,PumaPay,0x846c66cf71c43f80403b51fe3906b3599d63336f,$0.0006,-3.45%,"$215,083"
PRG,PRG,0x7728dFEF5aBd468669EB7f9b48A7f70a501eD29D,$0.1803,-0.72%,"$1,379"
XET,ETERNAL TOKEN,0x054c64741dbafdc19784505494029823d89c3b13,$0.1961,10.97%,"$414,834"
REN,Republic,0x408e41876cccdc0f92210600ef50372656052a38,$0.0186,-8.03%,"$452,712"
VEE,BLOCKv,0x340d2bde5eb28c1eed91b2f790723e3b160613b7,$0.0050,-2.01%,"$41,562"
IOTX,IoTeX Network,0x6fb3e0a217407efff7ca062d46c26e5d60a14d69,$0.0076,-3.44%,"$929,939"
ST,Simple Token,0x2c4e8f2d746113d0696ce89b35f0d8bf88e0aeca,$0.0229,-3.17%,"$5,037,726"
MEDX,MEDX TOKEN,0xfd1e80508f243e64ce234ea88a5fd2827c71d4b7,$0.0034,-6.21%,"$3,012,471"
RDN,Raiden,0x255aa6df07540cb5d3d297f0d0d4d84cb52bc8e6,$0.2125,-10.94%,"$692,102"
DMT,DMarket,0x2ccbff3a042c68716ed2a2cb0c544a9f1d1935e1,$0.2099,-5.68%,"$456,404"
WINGS,WINGS,0x667088b212ce3d06a1b553a7221E1fD19000d9aF,$0.1121,-14.75%,"$3,859,745"
DLT,Delta,0x07e3c70653548b04f0a75970c1f81b4cbbfb606f,$0.1208,5.15%,"$7,398,041"
INS,Insolar,0x5b2e4a700dfbc560061e957edec8f6eeeb74a320,$0.3151,-4.40%,"$2,907,730"
FSN,Fusion,0xd0352a019e9ab9d757776f532377aaebd36fd541,$0.3429,-3.10%,"$226,776"
nCash,NucleusVision,0x809826cceab68c387726af962713b64cb5cb3cca,$0.0018,-6.07%,"$707,135"
RHOC,RHOC,0x168296bb09e24a88805cb9c33356536b980d3fc5,$0.0271,18.74%,"$146,254"
QSP,Quantstamp,0x99ea4db9ee77acd40b119bd1dc4e33e1c070b80d,$0.0164,-7.10%,"$672,906"
VIBE,Vibe Coin,0xe8ff5c9c75deb346acac493c463c8950be03dfba,$0.0389,-5.69%,"$1,925,800"
UTNP,UTN-P: Universa Token,0x9e3319636e2126e3c0bc9e3134aec5e1508a46c7,$0.0055,21.28%,$451
CS,CREDITS,0x46b9ad944d1059450da1163511069c718f699d31,$0.0656,-14.28%,"$1,179,919"
SPHTX,SPHTX,0x3833dda0aeb6947b98ce454d89366cba8cc55528,$0.0304,-4.29%,"$76,799"
AMB,Amber,0x4dc3643dbc642b72c158e7f3d2ff232df61cb6ce,$0.0679,-6.89%,"$946,420"
MAN,MATRIX AI Network,0xe25bcec5d3801ce3a794079bf94adf1b8ccd802d,$0.0650,-5.91%,"$482,537"
UTK,UTRUST,0x70a72833d6bf7f508c8224ce59ea1ef3d0ea3a38,$0.0215,-4.57%,"$305,565"
PLR,PILLAR,0xe3818504c1b32bf1557b16c238b2e01fd3149c17,$0.0373,-18.78%,"$12,137"
CWV,CWV Chain,0xed494c9e2f8e34e53bdd0ea9b4d80305cb15c5c2,$0.0035,-3.00%,"$526,097"
STACS,STACS,0x286708f069225905194673755f12359e6aff6fe1,$0.0193,-1.28%,"$47,911"
GTC,Game.com Token,0xB70835D7822eBB9426B56543E391846C107bd32C,$0.0124,7.23%,"$3,773,400"
CHX,Chainium,0x1460a58096d80a50a2f1f956dda497611fa4f165,$0.1247,-0.51%,"$792,594"
APIS,APIS,0x4c0fbe1bb46612915e7967d2c3213cd4d87257ad,$0.0019,8.52%,"$13,721"
LEND,EthLend,0x80fB784B7eD66730e8b1DBd9820aFD29931aab03,$0.0081,-5.70%,"$194,316"
BRZC,BreezeCoin,0xe12128d653b62f08fbed56bdeb65db729b6691c3,$0.2252,-4.68%,"$2,386"
MTL,Metal,0xF433089366899D83a9f26A773D59ec7eCF30355e,$0.2266,-8.67%,"$1,521,208"
MXC,MXCToken,0x5ca381bbfb58f0092df149bd3d243b08b9a8386e,$0.0107,-4.57%,"$1,585,571"
BLZ,Bluzelle,0x5732046a883704404f284ce41ffadd5b007fd668,$0.0419,-5.75%,"$467,160"
CNUS,CoinUs,0x722f2f3eac7e9597c73a593f7cf3de33fbfc3308,$0.0249,-1.48%,"$174,096"
SWM,Swarm Fund,0x9e88613418cf03dca54d6a2cf6ad934a78c7a17a,$0.1149,-22.51%,"$91,286"
QRL,QRL,0x697beac28b09e122c4332d163985e8a73121b97f,$0.1419,-8.07%,"$34,077"
EVN,Envion,0xd780ae2bf04cd96e577d3d014762f831d97129d0,$0.0736,-5.51%,"$3,337"
CRPT,Crypterium,0x80a7e048f37a50500351c204cb407766fa3bae7f,$0.0999,-2.91%,"$258,710"
UTT,United Traders Token,0x16f812be7fff02caf662b85d5d58a5da6572d4df,$0.2144,-5.67%,"$2,191"
COSS,COSS,0x9e96604445ec19ffed9a5e8dd7b50a29c899a10c,$0.0655,0.65%,"$40,561"
NEU,Neumark,0xa823e6722006afe99e91c30ff5295052fe6b8e32,$0.1693,-11.45%,$379
MLN,Melon,0xBEB9eF514a379B997e0798FDcC901Ee474B6D9A1,$7.1252,-5.95%,"$9,287"
SNM,SONM,0x983f6d60db79ea8ca4eb9968c6aff8cfa04b3c63,$0.0212,-12.41%,"$345,123"
ITC,IOT Chain,0x5e6b6d9abad9093fdc861ea1600eba1b355cd940,$0.1079,-3.94%,"$597,855"
HPB,HPBCoin,0x38c6a68304cdefb9bec48bbfaaba5c5b47818bb2,$0.1972,-5.19%,"$1,062,088"
NKN,NKN,0x5cf04716ba20127f1e2297addcf4b5035000c9eb,$0.0236,-5.31%,"$210,066"
ADX,AdEx,0x4470BB87d77b963A013DB939BE332f927f2b992e,$0.1005,-6.58%,"$1,051,344"
IHT,I HOUSE TOKEN,0xeda8b016efa8b1161208cf041cd86972eee0f31e,$0.0125,-11.10%,"$153,330"
PRO,Propy,0x226bb599a12c826476e3a771454697ea52e9e220,$0.1256,-2.31%,"$626,094"
WaBi,WaBi,0x286BDA1413a2Df81731D4930ce2F862a35A609fE,$0.1288,-0.16%,"$89,284"
KEY,SelfKey,0x4cc19356f2d37338b9802aa8e8fc58b0373296e7,$0.0028,-9.07%,"$901,055"
DBET,Decent.Bet,0x9b68bfae21df5a510931a262cecf63f41338f264,$0.0418,-3.71%,"$3,092"
ABT,ArcBlock,0xb98d4c97425d9908e66e53a6fdf673acca0be986,$0.0705,2.08%,"$4,473,021"
SNGLS,SNGLS,0xaec2e87e0a235266d9c5adc9deb4b2e29b54d009,$0.0115,-6.43%,"$266,628"
MOD,Modum Token,0x957c30ab0426e0c93cd8241e2c60392d08c6ac8e,$0.3250,-2.16%,"$189,165"
DNT,district0x,0x0abdace70d3790235af448c88547603b945604ea,$0.0115,-9.12%,"$963,461"
RCN,RipioCreditNetwork,0xf970b8e36e23f7fc3fd752eea86f8be8d83375a6,$0.0136,7.68%,"$2,269,140"
TNT,Tierion Network Token,0x08f5a9235b08173b7569f83645d2c7fb55e8ccd8,$0.0154,-6.52%,"$537,724"
VITE,ViteToken,0x1b793e49237758dbd8b752afc9eb4b329d5da016,$0.0159,-5.42%,"$349,621"
WPR,WePower,0x4CF488387F035FF08c371515562CBa712f9015d4,$0.0127,-8.86%,"$219,129"
BAX,BAX,0x9a0242b7a33dacbe40edb927834f96eb39f8fbcb,$0.0003,-5.62%,"$13,476"
MDS,MediShares,0x66186008C1050627F979d464eABb258860563dbE,$0.0060,-5.79%,"$89,850"
MWAT,RED MWAT,0x6425c6be902d692ae2db752b3c268afadb099d3b,$0.0141,-9.13%,"$17,388"
POA20,POA ERC20 on Foundation,0x6758b7d441a9739b98552b373703d8d3d14f9e62,$0.0288,-7.33%,"$359,911"
ARC,Arcade,0xAc709FcB44a43c35F0DA4e3163b117A17F3770f5,$4.2954,--,$0
NOAH,NOAHCOIN,0x58a4884182d9e835597f405e5f258290e46ae7c2,$0.0002,-10.20%,"$115,232"
ECOREAL,EcoRealEstate,0xb052f8a33d8bb068414eade06af6955199f9f010,$0.0397,-11.77%,$327
LGO,LGO,0x123ab195dd38b1b40510d467a6a359b201af056f,$0.0483,-7.86%,"$23,260"
CPT,Cryptaur,0x88d50b466be55222019d71f9e8fae17f5f45fca1,$0.0008,-3.29%,"$31,200"
MOC,Moss Coin,0x865ec58b06bf6305b886793aa20a2da31d034e68,$0.0358,0.42%,"$23,145"
SCRL,SCRL,0x24dcc881e7dd730546834452f21872d5cb4b5293,$0.0388,-0.30%,"$100,266"
CNN,CNN Token,0x8713d26637cf49e1b6b4a7ce57106aabc9325343,$0.0002,-1.47%,"$127,801"
DEW,DEW,0x20e94867794dba030ee287f1406e100d03c84cd3,$0.0574,-26.89%,$63
HYDRO,Hydro,0xebbdf302c940c6bfd49c6b165f457fdb324649bc,$0.0015,-11.22%,"$295,390"
TRAC,Trace,0xaa7a9ca87d3694b5755f213b5d04094b8d0f0a6f,$0.0202,-8.59%,"$2,733"
GOT,GOToken,0x613fa2a6e6daa70c659060e86ba1443d2679c9d7,$0.5253,6.63%,$736
JNT,Jibrel Network Token,0xa5fd1a791c4dfcaacc963d4f73c6ae5824149ea7,$0.0336,-6.80%,"$24,465"
MTH,Monetha,0xaf4dce16da2877f8c9e00544c93b62ac40631f16,$0.0191,-15.16%,"$2,268,067"
COSM,CosmoCoin,0xc4bcd64cb216d49fd3c643a32762f34626b45a1a,$0.0084,1.95%,"$551,359"
TKN,TokenCard,0xaaaf91d9b90df800df4f55c205fd6989c977e73a,$0.2342,-6.11%,"$1,885"
MET,Metronome,0xa3d58c4e56fedcae3a7c43a725aee9a71f0ece4e,$0.6364,-1.82%,"$201,601"
FTM,Fantom Token,0x4e15361fd6b4bb609fa63c81a2be19d873717870,$0.0044,-7.05%,"$283,914"
CPC,CPChain,0xfAE4Ee59CDd86e3Be9e8b90b53AA866327D7c090,$0.0145,-5.08%,"$460,286"
CZR,CZR,0x0223fc70574214f65813fe336d870ac47e147fae,$0.0107,-5.44%,"$456,137"
ARN,Aeron,0xBA5F11b16B155792Cf3B2E6880E8706859A8AEB6,$0.3055,3.54%,"$4,350,616"
CDT,CoinDash,0x177d39ac676ed1c67a2b268ad7f1e58826e5b0af,$0.0079,-7.51%,"$237,495"
PRE,Presearch,0x88a3e4f35d64aad41a6d4030ac9afe4356cb84fa,$0.0339,-4.82%,"$22,012"
BPT,Blockport,0x327682779bab2bf4d1337e8974ab9de8275a7ca8,$0.0987,0.19%,"$141,343"
CFI,Cofoundit,0x12fef5e57bf45873cd9b62e9dbd7bfb99e32d73e,$0.0160,-4.22%,$317
BTO,BTOCoin,0x36905fc93280f52362a1cbab151f25dc46742fb5,$0.0095,-7.88%,"$244,895"
KAN,KAN,0x1410434b0346f5be678d0fb554e5c7ab620f8f4a,$0.0015,3.78%,"$268,475"
OAX,OpenANX,0x701c244b988a513c945973defa05de933b23fe1d,$0.2066,44.53%,"$11,630,613"
RFR,Refereum,0xd0929d411954c47438dc1d871dd6081f5c5e149c,$0.0020,-7.44%,"$774,547"
SOC,All Sports Coin,0x2d0e95bd4795d7ace0da3c0ff7b706a5970eb9d3,$0.0034,-6.05%,"$220,478"
MTC,Medical Token Currency,0x905e337c6c8645263d3521205aa37bf4d034e745,$0.0139,-12.72%,"$108,834"
CVT,CyberVeinToken,0xbe428c3867f05dea2a89fc76a102b544eac7f772,$0.0048,-7.31%,"$75,700"
PST,Primas Token,0x5d4abc77b8405ad177d8ac6682d584ecbfd46cec,$0.0967,0.07%,"$1,011,556"
QCH,QChi,0x687bfc3e73f6af55f0ccca8450114d107e781a0e,$0.2189,-6.26%,"$159,543"
QCH,QChi,0x687bfc3e73f6af55f0ccca8450114d107e781a0e,$0.2170,-7.06%,"$158,640"
MSP,Mothership,0x68AA3F232dA9bdC2343465545794ef3eEa5209BD,$0.0360,12.27%,"$4,869"
ZIP,Zipper,0xa9d2927d3a04309e008b6af6e2e282ae2952e7fd,$0.0003,9.07%,"$864,067"
ECOM,Omnitude,0x171d750d42d661b62c277a6b486adb82348c3eca,$0.0906,-1.37%,"$101,158"
BCV,BitCapitalVendorToken,0x1014613e2b3cbc4d575054d4982e580d9b99d7b1,$0.0091,-8.24%,"$60,516"
LYM,Lympo,0x57ad67acf9bf015e4820fbd66ea1a21bed8852ec,$0.0065,-5.28%,"$269,654"
LBA,LibraToken,0xfe5f141bf94fe84bc28ded0ab966c16b17490657,$0.0103,-7.56%,"$255,267"
NPX,NapoleonX,0x28b5e12cce51f15594b0b91d5b5adaa70f684a02,$0.2239,9.19%,"$2,027"
APPC,AppCoins,0x1a7a8bd9106f2b8d977e08582dc7d24c723ab0db,$0.0488,-4.26%,"$817,321"
LA,LAtoken,0xe50365f5d679cb98a1dd62d6f6e58e59321bcddf,$0.0612,4.89%,"$562,331"
FOAM,FOAM Token,0x4946fcea7c692606e8908002e55a582af44ac121,$0.0179,-10.64%,"$92,989"
QNTU,QNTU,0x4234f63b1d202f6c016ca3b6a0d41d7d85f17716,$0.0002,-2.40%,"$13,251"
CAS,Cashaa,0xe8780b48bdb05f928697a5e8155f672ed91462f7,$0.0079,5.58%,"$289,689"
HUM,HUMToken,0xb0514a5b4aa58ac6e954f537598dd42a71916581,$0.0001,8.70%,"$42,364"
RTH,Rotharium,0x3fd8f39a962efda04956981c31ab89fab5fb8bc8,$1.4034,-5.71%,"$1,832"
UKG,UnikoinGold,0x24692791bc444c5cd0b81e3cbcaba4b04acd1f3b,$0.0328,17.86%,"$117,613"
EVX,Everex,0xf3db5fa2c66b7af3eb0c0b782510816cbe4813b8,$0.2315,-7.45%,"$647,582"
META,Metadium,0xde2f7766c8bf14ca67193128535e5c7454f8387c,$0.0043,-6.22%,"$235,821"
TIX,Blocktix,0xea1f346faf023f974eb5adaf088bbcdf02d761f4,$0.1131,-6.46%,"$249,230"
AST,AirSwap,0x27054b13b1b798b345b591a4d22e6562d47ea75a,$0.0298,0.76%,"$901,156"
YOYOW,YOYOW,0xcbeaec699431857fdb4d37addbbdc20e132d4903,$0.0148,-3.30%,"$577,390"
NMR,Numeraire,0x1776e1f26f98b1a5df9cd347953a26dd3cb46671,$3.2709,-4.09%,"$2,329"
ATX,Aston X,0x1a0f2ab46ec630f9fd638029027b552afa64b94c,$0.0053,-9.93%,$375
ROX,Robotina token,0x574f84108a98c575794f75483d801d1d5dc861a5,$0.0163,-4.90%,"$1,553"
GRID,GRID,0x12b19d3e2ccc14da04fae33e63652ce469b3f2fd,$0.1113,18.83%,$38
CCCX,Clipper Coin Capital,0x378903a03fb2c3ac76bb52773e3ce11340377a32,$0.0027,-7.64%,"$16,317"
DOCK,Dock,0xe5dada80aa6477e85d09747f2842f7993d0df71c,$0.0099,-1.55%,"$902,209"
FUEL,Fuel Token,0xea38eaa3c86c8f9b751533ba2e562deb9acded40,$0.0081,-8.08%,"$341,718"
PAI,PCHAIN,0xb9bb08ab7e9fa0a1356bd4a39ec0ca267e03b0b3,$0.0058,-5.11%,"$159,917"
NGC,NAGA Coin,0x72dd4b6bd852a3aa172be4d6c5a6dbec588cf131,$0.0706,-15.97%,"$146,680"
VIB,VIB,0x2C974B2d0BA1716E644c1FC59982a89DDD2fF724,$0.0235,-6.58%,"$854,488"
TFD,TE-FOOD,0xe5f166c0d8872b68790061317bb6cca04582c912,$0.0083,-6.61%,"$7,248"
UPP,SENTINEL PROTOCOL,0xc86d054809623432210c107af2e3f619dcfbf652,$0.0141,-6.81%,"$1,716,958"
XCEL,XCELTOKEN,0xf6276830c265a779a2225b9d2fcbab790cbeb92b,$0.0560,--,$0
SSP,smartshare token,0x624d520bab2e4ad83935fa503fb130614374e850,$0.0009,-6.79%,"$675,476"
COV,Covesting,0xe2fb6529ef566a080e6d23de0bd351311087d567,$0.2314,-7.51%,"$3,387"
PLBT,Polybius,0x0affa06e7fbe5bc9a764c979aa66e8256a631f02,$1.0097,-3.39%,"$2,763"
SPANK,SPANK,0x42d6622dece394b54999fbd73d108123806f6a18,$0.0132,-6.44%,"$2,184"
BCPT,BLOCKMASON CREDIT PROTOCOL TOKEN,0x1c4481750daa5ff521a2a7490d9981ed46465dbd,$0.0335,-3.57%,"$2,214,193"
TAU,Lamden Tau,0xc27a2f05fa577a83ba0fdb4c38443c0718356501,$0.0271,-3.71%,"$16,513"
MRK,Mark,0xf453b5b9d4e0b5c62ffb256bb2378cc2bc8e8a89,$0.0058,-5.30%,"$108,257"
COB,Cobinhood,0xb2f7eb1f2c37645be61d73953035360e768d81e6,$0.0096,-5.18%,"$15,202"
AURA,Aurora DAO,0xcdcfc0f66c522fd086a1b725ea3c0eeb9f9e8814,$0.0246,-8.98%,"$13,975"
GNX,Genaro X,0x6ec8a24cabdc339a06a172f8223ea557055adaa5,$0.0153,-5.88%,"$13,845,627"
INO,Ino Coin,0xc9859fccc876e6b4b3c749c5d29ea04f48acb74f,$0.1866,-1.98%,"$1,880,305"
SKB,Sakura Bloom,0x4af328c52921706dcb739f25786210499169afe6,$0.0014,-5.85%,"$148,193"
DGX,Digix Gold Token,0x4f3afec4e5a3f2a6a1a411def7d7dfe50ee057bf,$41.6402,-5.92%,"$712,359"
DAPS,DAPSTOKEN,0x93190dbce9b9bd4aa546270a8d1d65905b5fdd28,$0.0001,-6.81%,"$10,023"
SWFTC,SwftCoin,0x0bb217e40f8a5cb79adf04e1aab60e5abd0dfc1e,$0.0010,-4.27%,"$1,215,499"
EKT,EDUCare,0xbab165df9455aa0f2aed1f2565520b91ddadb4c8,$0.0080,-5.68%,"$78,892"
LUN,Lunyr,0xfa05A73FfE78ef8f1a739473e462c54bae6567D9,$1.5669,-6.70%,"$1,588,501"
FOTA,FOTA,0x4270bb238f6dd8b1c3ca01f96ca65b2647c06d3c,$0.0075,-5.54%,"$834,958"
BMC,Blackmoon Crypto Token,0xdf6ef343350780bf8c3410bf062e0c015b1dd671,$0.1625,-4.44%,"$25,609"
ADT,AdToken,0xd0d6d6c5fe4a677d343cc433536bb717bae167dd,$0.0059,-7.52%,"$417,575"
STQ,Storiqa,0x5c3a228510d246b78a3765c20221cbf3082b44a4,$0.0004,-8.00%,"$586,099"
Xaurum,Xaurum,0x4DF812F6064def1e5e029f1ca858777CC98D2D81,$0.0382,-2.55%,"$4,013"
IVY,IvyKoin Public Network Tokens,0xA4eA687A2A7F29cF2dc66B39c68e4411C0D00C49,$0.0111,0.97%,"$1,814"
QAU,Quantum,0x671abbe5ce652491985342e85428eb1b07bc6c64,$0.0455,14.39%,$0
TTC ,TTC Protocol (TTC) (TTC,0x9389434852b94bbad4c8afed5b7bdbc5ff0c2275,$0.0121,-8.53%,"$114,525"
DPY,Delphy Token,0x6c2adc2073994fb2ccc5032cc2906fa221e9b391,$0.0671,44.02%,"$3,451,212"
DCC,Distributed Credit Chain,0xffa93aacf49297d51e211817452839052fdfb961,$0.0011,-12.98%,"$42,200"
XRL,Rialto,0xb24754be79281553dc1adc160ddf5cd9b74361a4,$0.0406,-6.05%,"$9,899"
ZCN,0chain,0xb9EF770B6A5e12E45983C5D80545258aA38F3B78,$0.0825,-0.54%,"$18,625"
UFR,Upfiring,0xea097a2b1db00627b2fa17460ad260c016016977,$0.1681,7.34%,"$33,277"
ROCK2,ICE ROCK MINING,0xC16b542ff490e01fcc0DC58a60e1EFdc3e357cA6,$0.2026,-5.45%,"$1,565"
IMT,MoneyToken,0x13119e34e140097a507b07a5564bde1bc375d9e6,$0.0003,2.02%,"$51,220"
FLUZ,FluzFluz,0x954b5de09a55e59755acbda29e1eb74a45d30175,$0.0154,-1.82%,$15
DX,DxChain Token,0x973e52691176d36453868d9d86572788d27041a9,$0.0002,-4.30%,"$121,597"
BZ,BZ,0x4375e7ad8a01b8ec3ed041399f62d9cd120e0063,$0.0701,-4.40%,"$37,904,161"
SPD,SPINDLE,0x1dea979ae76f26071870f824088da78979eb91c8,$0.0008,-3.87%,"$30,569"
UP,UpToken,0x6ba460ab75cd2c56343b3517ffeba60748654d26,$0.0210,-12.91%,"$249,133"
VIN,VIN,0xf3e014fe81267870624132ef3a646b8e83853a96,$0.0064,-1.86%,"$18,191"
CHSB,SwissBorg,0xba9d4199fab4f26efe3551d490e3821486f135ba,$0.0053,-6.30%,"$13,909"
SDA,Six Domain Asset,0x4212fea9fec90236ecc51e41e2096b16ceb84555,$0.0043,-4.66%,"$38,602"
EDN,Eden Coin,0x05860d453c7974cbf46508c06cba14e211c629ce,$0.0037,-6.07%,"$99,481"
OIO,Online.io,0xa3efef1a1e3d1ad72b9d0f4253e7c9c084c2c08b,$0.0035,-5.81%,$391
XES,Proxeus,0xa017ac5fac5941f95010b12570b812c974469c2c,$0.0145,--,$0
B2BX,B2BX,0x5d51fcced3114a8bb5e90cdd0f9d682bcbcc5393,$0.1765,-4.48%,"$397,150"
KICK,KickCoin,0x27695e09149adc738a978e9a678f99e4c39e9eb9,$0.0047,-5.41%,"$72,395"
REM,REMME,0x83984d6142934bb535793a82adb0a46ef0f66b6d,$0.0046,-7.24%,"$341,555"
BWX,BlueWhaleToken,0xbd168cbf9d3a375b38dc51a202b5e8a4e52069ed,$0.0001,-4.20%,"$13,205"
CBT,CommerceBlock,0x076C97e1c869072eE22f8c91978C99B4bcB02591,$0.0156,-11.40%,"$2,132"
NANJ,NANJCOIN,0xffe02ee4c69edf1b340fcad64fbd6b37a7b9e265,$0.0001,-1.95%,"$3,274"
SPC,SpaceChain,0x8069080a922834460c3a092fb2c1510224dc066b,$0.0051,-8.13%,"$4,507"
CAG,ChangeBank,0x7d4b8cce0591c9044a22ee543533b72e976e36c3,$0.0703,-5.73%,"$86,756"
DACS,DACSEE,0xa31108e5bab5494560db34c95492658af239357c,$0.0035,-5.67%,"$96,594"
HMC,Hms Token,0xAa0bb10CEc1fa372eb3Abc17C933FC6ba863DD9E,$0.0064,-5.66%,"$87,472"
DEC,Darico Ecosystem Coin,0x89c6c856a6db3e46107163d0cda7a7ff211bd655,$0.0494,-5.06%,"$10,379"
BAAS,BaaSid,0x3e65e1eefde5ea7ccfc9a9a1634abe90f32262f8,$0.0012,4.23%,$448
ST,FirstBlood,0xaf30d2a7e90d7dc361c8c4585e9bb7d2f6f15bc7,$0.0296,-1.32%,$258
DNA,DNA,0x82b0e50478eeafde392d45d1259ed1071b6fda81,$0.0374,-11.82%,$37
DADI,DADI,0xfb2f26f266fb2805a387230f2aa0a331b4d96fba,$0.0331,-2.64%,"$122,614"
FREE,Free Coin,0x2f141ce366a2462f02cea3d12cf93e4dca49e4fd,$0.0000,44.85%,"$13,763"
SNX,Synthetix Network Token,0xc011a72400e58ecd99ee497cf89e3775d4bd732f,$0.0357,-11.81%,"$22,918"
QUN,QunQunCommunities,0x264dc2dedcdcbb897561a57cba5085ca416fb7b4,$0.0037,-3.55%,"$321,569"
GIM,Gimli,0xae4f56f072c34c0a65b3ae3e4db797d831439d93,$0.0303,--,$0
RBLX,Rublix,0xfc2c4d8f95002c14ed0a7aa65102cac9e5953b5e,$0.1154,-13.34%,"$13,244"
LND,Lendingblock,0x0947b0e6d821378805c9598291385ce7c791a6b2,$0.0036,-13.07%,"$109,590"
VIT,Vice,0x23b75bc7aaf28e2d6628c3f424b3882f8f072a3c,$0.0059,202.46%,$366
NTK,NeuroToken,0x69beab403438253f13b6e92db91f7fb849258263,$0.0302,-10.68%,"$20,882"
ZCO,Zebi Coin,0x2008e3057bd734e10ad13c9eae45ff132abc1722,$0.0047,-5.22%,"$90,443"
GEN,DAOstack,0x543ff227f64aa17ea132bf9886cab5db55dcaddf,$0.0617,-1.48%,"$5,904"
XPA,XPlay,0x90528aeb3a2b736b780fd1b6c478bb7e1d643170,$0.0410,-5.65%,"$37,656"
ROL,DICE,0x2e071D2966Aa7D8dECB1005885bA1977D6038A65,$0.3344,-1.11%,"$5,020"
GET,Guaranteed Entrance Token,0x8a854288a5976036a725879164ca3e91d30c6a1b,$0.2046,-10.16%,$20
CXO,CargoX,0xb6ee9668771a79be7967ee29a63d4184f8097143,$0.0175,-4.43%,"$14,120"
WET,We Show Token,0x36d10c6800d569bb8c4fe284a05ffe3b752f972c,$0.0141,5.16%,"$157,147"
WTT,WTT,0x84119cb33e8f590d75c2d6ea4e6b0741a7494eda,$0.7765,--,$0
XDCE,XinFin XDCE,0x41ab1b6fcbb2fa9dced81acbdec13ea6315f2bf2,$0.0006,-0.78%,"$183,701"
cV,cVToken,0xda6cb58a0d0c01610a29c5a65c303e13e885887c,$0.0003,-6.04%,"$6,557"
CSNO,BitDice,0x29d75277ac7f0335b2165d0895e8725cbf658d73,$0.0320,-12.78%,$3
FXT,FuzeX,0x1829aa045e21e0d59580024a951db48096e01782,$0.0030,-3.10%,"$45,451"
GAT,GAT,0x687174f8c49ceb7729d925c3a961507ea4ac7b28,$0.0042,17.89%,"$2,046,841"
SENT,SENTinel,0xa44e5137293e855b1b7bc7e2c6f8cd796ffcb037,$0.0011,-8.42%,"$6,774"
TAAS,TAAS,0xe7775a6e9bcf904eb39da2b68c5efb4f9360e08c,$0.2725,0.36%,$222
Seele,SeeleToken,0xb1eef147028e9f480dbc5ccaa3277d417d1b85f0,$0.0032,-1.79%,"$83,841"
Gene,Gene Source Code Chain,0x884181554dfa9e578d36379919c05c25dc4a15bb,$0.0058,-5.29%,"$12,891"
DIVX,Divi Exchange Token,0x13f11c9905a08ca76e3e853be63d4f0944326c72,$0.0026,8.81%,"$3,196"
PAL,PolicyPal Network,0xfedae5642668f8636a11987ff386bfd215f942ee,$0.0044,-5.67%,"$86,883"
DRP,DCORP,0x621d78f2ef2fd937bfca696cabaf9a779f59b3ed,$0.2588,--,$0
FNKOS,FNKOSToken,0x0707681f344deb24184037fc0228856f2137b02e,$0.0150,7.46%,"$13,026"
UBT,UniBright,0x8400d94a5cb0fa0d041a3788e395285d61c9ee5e,$0.0147,-4.42%,"$153,213"
ADST,Adshares,0x422866a8f0b032c5cf1dfbdef31a20f4509562b0,$0.1061,38.20%,$604
FTT,FarmaTrust Token,0x2aec18c5500f21359ce1bea5dc1777344df4c0dc,$0.0034,-14.42%,"$100,756"
MRPH,Morpheus.Network,0x7b0c06043468469967dba22d1af33d77d44056c8,$0.0685,-9.60%,$127
EBC,EBCoin,0x31f3d9d1bece0c033ff78fa6da60a6048f3e13c5,$0.0005,-1.31%,"$16,177"
SKM,Skrumble Token,0xd99b8a7fa48e25cce83b81812220a3e03bf64e5f,$0.0026,1.75%,"$1,333,588"
GSC,Global Social Chain,0x228ba514309ffdf03a81a205a6d040e429d6e80c,$0.0041,-4.45%,"$118,108"
MIB,Mobile Integrated Blockchain,0x146d8d942048ad517479c9bab1788712af180fde,$0.0264,-4.23%,"$20,045"
CEEK,CEEK,0xb056c38f6b7dc4064367403e26424cd2c60655e1,$0.0039,-4.82%,"$29,597"
MOT,MOT,0x263c618480dbe35c300d8d5ecda19bbb986acaed,$0.0496,-3.84%,"$33,142"
DAX,DAEX Token,0x0b4bdc478791897274652dc15ef5c135cae61e60,$0.0053,-2.90%,"$640,750"
MVL,Mass Vehicle Ledger Token,0xa849eaae994fb86afa73382e9bd88c2b6b18dc71,$0.0003,-15.64%,"$3,754"
BKX,BANKEX,0x45245bc59219eeaaf6cd3f382e078a461ff9de7b,$0.0195,-5.41%,"$200,918"
UUU,UNetworkToken,0x3543638ed4a9006e4840b105944271bcea15605d,$0.0003,-4.10%,"$95,960"
ROC,ROC,0x1bcbc54166f6ba149934870b60506199b6c9db6d,$1.3092,--,$0
HDG,Hedge,0xffe8196bc259e8dedc544d935786aa4709ec3e64,$0.4864,--,$0
ULT,Ultiledger,0xe884cc2795b9c45beeac0607da9539fd571ccf85,$0.0065,-0.65%,"$49,113"
HBT,Hubiits,0xdd6c68bb32462e01705011a4e2ad1a60740f217f,$0.1178,-7.51%,$67
BET,Dao.Casino,0x8aa33a7899fcc8ea5fbe6a608a109c3893a1b8b2,$0.0107,-7.79%,$908
Soar,Soarcoin,0xD65960FAcb8E4a2dFcb2C2212cb2e44a02e2a57E,$0.0016,-2.85%,$694
MITx,Morpheus Infrastructure Token,0x4a527d8fc13c5203ab24ba0944f4cb14658d1db6,$0.0085,18.58%,"$53,867"
MYST,Mysterium,0xa645264C5603E96c3b0B078cdab68733794B0A71,$0.0744,24.64%,$64
HVN,Hiveterminal Token,0xC0Eb85285d83217CD7c891702bcbC0FC401E2D9D,$0.0043,-9.50%,"$9,201"
SNC,SunContract,0xF4134146AF2d511Dd5EA8cDB1C4AC88C57D60404,$0.0142,-0.76%,"$236,618"
HST,Decision Token,0x554c20b7c486beee439277b4540a434566dc4c02,$0.0539,-8.65%,"$37,287"
HOT,Hydro Protocol,0x9af839687f6c94542ac5ece2e317daae355493a1,$0.0024,-12.74%,"$25,004"
HMQ,Humaniq,0xcbcc0f036ed4788f63fc0fee32873d6a7487b908,$0.0092,-5.17%,"$239,049"
TMT,Traxia Membership Token,0x3209f98bebf0149b769ce26d71f7aea8e435efea,$0.0034,-7.64%,"$45,292"
LIFE,PureLifeCoin,0xff18dbc487b4c2e3222d115952babfda8ba52f5f,$0.0001,45.05%,$542
BANCA,BANCA,0x998b3b82bc9dba173990be7afb772788b5acb8bd,$0.0001,-4.56%,"$38,156"
TTV,Token for Television,0xa838be6e4b760e6061d4732d6b9f11bf578f9a76,$0.0040,-2.92%,$335
UBEX,UBEX Token,0x6704b673c70de9bf74c8fba4b4bd748f0e2190e1,$0.0005,-7.75%,"$443,489"
MDT,Measurable Data Token,0x814e0908b12a99fecf5bc101bb5d0b8b5cdf7d26,$0.0039,-4.16%,"$189,439"
BLT,Bloom,0x107c4504cd79c5d2696ea0030a8dd4e92601b82e,$0.0333,-10.59%,"$76,853"
NET,NimiqNetwork,0xcfb98637bcae43C13323EAa1731cED2B716962fD,$0.0006,-8.06%,"$99,385"
BBK,Brickblock,0x4a6058666cf1057eac3cd3a5a614620547559fc9,$0.0211,-7.96%,"$28,682"
EXC,Eximchain Token,0x00c4b398500645eb5da00a1a379a88b11683ba01,$0.0236,--,$0
ELEC,ElectrifyAsia,0xd49ff13661451313ca1553fd6954bd1d9b6e02b9,$0.0030,-5.08%,"$22,600"
TIME,TIME,0x6531f133e6deebe7f2dce5a0441aa7ef330b4e53,$2.2216,0.77%,"$39,252"
ROBET,RoBET - Truly Decentralized Sportsbetting,0x2344871f523cbb28a4f60045531184cf1f03ad24,$1.9629,-4.49%,$604
DOV,DOVU,0xac3211a5025414af2866ff09c23fc18bc97e79b1,$0.0039,-4.55%,$43
LCS,LocalCoinSwap Cryptoshare,0xaa19961b6b858d9f18a115f25aa1d98abc1fdba8,$0.0298,8.93%,"$119,408"
RPD,Rapids,0x4bf4f2ea258bf5cb69e9dc0ddb4a7a46a7c10c53,$0.0001,-0.90%,"$1,207"
KCASH,Kcash,0x32d74896f05204d1b6ae7b0a3cebd7fc0cd8f9c7,$0.0046,-2.18%,"$223,816"
SHIP,ShipChain SHIP,0xe25b0bba01dc5630312b6a21927e578061a13f55,$0.0070,-5.32%,$0
AIR,AirToken,0x27dce1ec4d3f72c3e457cc50354f1f975ddef488,$0.0015,--,$0
YEE,Yee - A Blockchain-powered & Cloud-based Socia,0x922105fad8153f516bcfb829f56dc097a0e1d705,$0.0011,-11.16%,"$368,641"
ISR,Insureum Token,0xb16d3ed603d62b125c6bd45519eda40829549489,$0.0086,-4.78%,"$39,181"
EXRN,EXRP Network,0xe469c4473af82217b30cf17b10bcdb6c8c796e75,$0.0000,-6.58%,"$45,480"
FDZ,Friendz Coin,0x23352036e911a22cfc692b5e2e196692658aded9,$0.0030,-3.52%,"$11,920"
AXPR,aXpire,0xC39E626A04C5971D770e319760D7926502975e47,$0.0055,-7.52%,"$76,525"
FTI,FTI,0x943ed852dadb5c3938ecdc6883718df8142de4c8,$0.0005,-12.32%,"$221,505"
CAPP,Cappasity,0x04f2e7221fdb1b52a68169b25793e51478ff0329,$0.0029,-3.73%,"$60,616"
AMLT,AMLT,0xca0e7269600d353f70b14ad118a49575455c0f2f,$0.0165,-11.65%,$768
COVA,Covalent Token,0xb37a769b37224449d92aac57de379e1267cd3b00,$0.0014,-8.30%,"$318,924"
CARD,Cardstack,0x954b890704693af242613edef1b603825afcd708,$0.0006,-0.20%,"$103,572"
YEED,YGGDRASH,0xca2796f9f61dc7b238aab043971e49c6164df375,$0.0003,-4.75%,"$87,923"
SONIQ,Soniq Token,0x1c62aca2b7605db3606eacda7bc67a1857ddb8ff,$0.0321,-14.14%,$98
IXT,iXledger,0xfca47962d45adfdfd1ab2d972315db4ce7ccf094,$0.0401,-7.75%,$533
ZAP,ZAP TOKEN,0x6781a0f84c7e9e846dcb84a9a5bd49333067b104,$0.0108,-8.60%,"$1,013"
BMC,BitMartToken,0x986EE2B944c42D017F52Af21c4c69B84DBeA35d8,$0.0118,-7.22%,"$361,372"
PAT,PATRON,0xF3b3Cad094B89392fcE5faFD40bC03b80F2Bc624,$0.0041,-3.67%,"$1,003,464"
LINA,LINA,0xc05d14442a510de4d3d71a3d316585aa0ce32b50,$0.0172,-7.55%,"$21,800"
BOX,ContentBox Token,0x63f584fa56e60e4d0fe8802b27c7e6e3b33e007f,$0.0022,-1.75%,"$133,746"
LFT,Linfinity,0xe0c8087ce1a17bdd5d6c12eb52f8d7eff7791987,$0.0023,-2.92%,"$25,758"
LEV,Leverj,0x0f4ca92660efad97a9a70cb0fe969c755439772c,$0.0116,--,$0
LXT,LiteXToken,0xbc46d9961a3932f7d6b64abfdec80c1816c4b835,$0.0017,-18.23%,"$108,802"
RMESH,RightMesh Token,0x8d5682941ce456900b12d47ac06a88b47c764ce1,$0.0220,2.02%,"$38,079"
WTL,Welltrado token,0x9a0587eae7ef64b2b38a10442a44cfa43edd7d2a,$0.0329,-15.10%,"$3,992"
LATX,LatiumX,0x2f85e502a988af76f7ee6d83b7db8d6c0a823bf9,$0.0126,1.96%,"$68,057"
INV,Invacio Coin,0xece83617db208ad255ad4f45daf81e25137535bb,$0.0401,14.27%,"$4,464"
SIM,Simmitri,0x7528e3040376edd5db8263db2f5bd1bed91467fb,$0.0214,-18.84%,"$5,500"
Bez,Bezop,0x3839d8ba312751aa0248fed6a8bacb84308e20ed,$0.0245,-8.76%,"$156,369"
GARD,HASHGARD,0x5c64031c62061865e5fd0f53d3cdaef80f72e99d,$0.0000,-5.67%,"$314,246"
DATx,DATx,0xabbbb6447b68ffd6141da77c18c7b5876ed6c5ab,$0.0009,-2.31%,"$129,688"
HKN,Hacken,0x9e6b2b11542f2bc52f3029077ace37e8fd838d7f,$0.2377,-19.10%,"$2,947"
SXUT,Spectre.ai U-Token,0x2c82c73d5b34aa015989462b2948cd616a37641f,$0.0514,-7.09%,"$16,632"
SNET,Snetwork,0xff19138b039d938db46bdda0067dc4ba132ec71c,$0.0093,-4.05%,"$63,829"
NCC,NeuroChain Clausius,0x5d48f293baed247a2d0189058ba37aa238bd4725,$0.0048,-5.34%,"$12,301"
ASTRO,AstroTokens,0x7b22938ca841aa392c93dbb7f4c42178e3d65e88,$0.3775,--,$0
ABYSS,ABYSS,0x0e8d6b471e332f140e7d9dbb99e5e3822f728da6,$0.0055,-7.61%,"$133,920"
X8X,X8XToken,0x910dfc18d6ea3d6a7124a6f8b5458f281060fa4c,$0.0158,2.55%,"$2,118"
HSC,HashCoin,0x2bba3cf6de6058cc1b4457ce00deb359e2703d7f,$0.0001,-6.45%,"$4,247"
Guppy,Guppy,0xf7b098298f7c69fc14610bf71d5e02c60792894c,$0.0165,-5.69%,"$98,050"
VZT,Vezt,0x9720b467a710382A232a32F540bDCed7d662a10B,$0.0153,40.56%,$26
ZSC,ZeusShieldCoin,0x7A41e0517a5ecA4FdbC7FbebA4D4c47B9fF6DC63,$0.0011,-11.21%,"$16,027"
DRT,DomRaiderToken,0x9af4f26941677c706cfecf6d3379ff01bb85d5ab,$0.0021,-3.76%,"$50,136"
FLIXX,Flixx,0xf04a8ac553fcedb5ba99a64799155826c136b0be,$0.0150,-12.64%,$734
TRXC,TRONCLASSIC,0xad5fe5b0b8ec8ff4565204990e4405b2da117d8e,$0.0000,-84.67%,"$2,385"
RVT,RvT,0x3d1ba9be9f66b8ee101911bc36d3fb562eac2244,$0.0457,-1.07%,"$5,392"
ABL,Airbloc,0xf8b358b3397a8ea5464f8cc753645d42e14b79ea,$0.0051,-1.01%,"$161,499"
,ICOS,0x014B50466590340D41307Cc54DCee990c8D58aa8,$2.4082,--,$0
ETK,EnergiToken,0x3c4a3ffd813a107febd57b2f01bc344264d90fde,$0.0006,-9.32%,$845
ZMN,ZMINE Token,0x554ffc77f4251a9fb3c0e3590a6a205f8d4e067d,$0.0089,-7.43%,"$3,571"
AID,AidCoin,0x37e8789bb9996cac9156cd5f5fd32599e6b91289,$0.0263,7.49%,"$109,079"
OWN,OwnData,0x170b275ced089fffaebfe927f445a350ed9160dc,$0.0001,-13.35%,"$18,810"
OPEN,OPEN,0x69c4bb240cf05d51eeab6985bab35527d04a8c64,$0.0027,--,$0
MTN,MedToken,0x41dbecc1cdc5517c6f76f6a6e836adbee2754de3,$0.0048,-5.26%,"$351,815"
SHL,Oyster Shell,0x8542325b72c6d9fc0ad2ca965a78435413a915a0,$0.0138,--,$0
SNOV,Snovio,0xbdc5bac39dbe132b1e030e898ae3830017d7d969,$0.0029,43.89%,"$40,126"
AVT,AVT,0x0d88ed6e74bbfd96b831231638b66c05571e824f,$0.1931,1.30%,"$12,595"
PNK,Pinakion,0x93ed3fbe21207ec2e8f2d3c3de6e058cb73bc04d,$0.0055,-4.53%,"$1,346"
ONL,On.Live,0x6863be0e7cf7ce860a574760e9020d519a8bdc47,$0.0532,-4.42%,"$77,660"
STK,STK,0xae73b38d1c9a8b274127ec30160a4927c4d71824,$0.0034,28.78%,"$245,292"
TFL,TrueFlip,0xa7f976c360ebbed4465c2855684d1aae5271efa9,$0.1834,6.23%,"$42,496"
EKO,EchoLink,0xa6a840e50bcaa50da017b91a0d86b8b2d41156ee,$0.0031,-5.89%,"$173,711"
CPAY,CPAY,0x0Ebb614204E47c09B6C3FeB9AAeCad8EE060E23E,$0.0168,-3.60%,$0
sUSD,Synth sUSD,0x57ab1e02fee23774580c119740129eac7081e9d3,$0.9862,-0.77%,"$2,524"
SWT,SwarmCity,0xb9e7f8568e08d5659f5d29c4997173d84cdf2607,$0.1360,-11.87%,"$17,673"
ALIS,Alis,0xea610b1153477720748dc13ed378003941d84fab,$0.0289,-4.22%,$138
BTT,blocktrade,0xfa456cf55250a839088b27ee32a424d7dacb54ff,$0.0208,-6.53%,"$2,450"
TDP,TrueDeck,0x5b11aacb6bddb9ffab908fdce739bf4aed554327,$0.0348,-14.28%,"$280,406"
EGT,Egretia,0x8e1b448ec7adfc7fa35fc2e885678bd323176e34,$0.0003,-13.02%,"$1,387,184"
CTR,Centra,0x96A65609a7B84E8842732DEB08f56C3E21aC6f8a,$0.0165,--,$0
INSTAR,Insights Network,0xc72fe8e3dd5bef0f9f31f259399f301272ef2a2d,$0.0081,-10.81%,"$42,680"
ELI,EligmaToken,0xc7c03b8a3fc5719066e185ea616e87b88eba44a3,$0.0079,7.87%,"$108,446"
SS,Sharder,0xbbff862d906e348e9946bfb2132ecb157da3d4b4,$0.0039,1.06%,"$266,065"
XNK,Ink Protocol,0xbc86727e770de68b1060c91f6bb6945c73e10388,$0.0056,-5.68%,"$45,119"
IDH,indaHash Coin,0x5136c98a80811c3f46bdda8b5c4555cfd9f812f0,$0.0027,-4.53%,"$120,064"
BDG,BitDegree,0x1961b3331969ed52770751fc718ef530838b6dee,$0.0030,-5.78%,$632
PTOY,Patientory,0x8ae4bf2c33a8e667de34b54938b0ccd03eb8cc06,$0.0155,-4.43%,"$30,821"
OXY,Oxycoin,0x869b1f57380ae501d387b19262efd3c0eb7501b0,$0.0012,-15.02%,$139
NIO,Autonio,0x5554e04e76533e1d14c52f05beef6c9d329e1e30,$0.0130,-4.27%,"$119,632"
PRIX,Privatix,0x3adfc4999f77d04c8341bac5f3a76f58dff5b37a,$0.9757,-1.96%,$654
REAL,Real Estate Asset Ledger,0x9214ec02cb71cba0ada6896b8da260736a67ab10,$0.1060,-2.91%,$470
IFOOD,Ifoods Token,0x81e74a3ea4bab2277aa3b941e9d9f37b08ac5374,$0.0004,-11.13%,"$3,188"
ZPR,ZPER,0xb5b8f5616fe42d5ceca3e87f3fddbdd8f496d760,$0.0008,-13.48%,"$38,689"
uDOO,uDOO,0x0df721639ca2f7ff0e1f618b918a65ffb199ac4e,$0.0114,-5.37%,"$14,751"
MLC,Mallcoin Token,0xc72ed4445b3fe9f0863106e344e241530d338906,$0.0058,6.97%,"$29,716"
TOL,Tolar Token,0xd07d9fe2d2cc067015e2b4917d24933804f42cfa,$0.0042,-5.18%,"$278,230"
WIX,Wixlar,0x7ba19b7f7d106a9a1e0985397b94f38eee0b555e,$0.0181,-5.05%,"$16,396"
DAV,DAV Token,0xd82df0abd3f51425eb15ef7580fda55727875f14,$0.0022,-6.07%,"$43,158"
VCT,ValueCyberToken,0x9746953f5b1324a78132895cfd263f417b0faae3,$0.0098,-9.27%,"$202,247"
OPT,Opus,0x4355fC160f74328f9b383dF2EC589bB3dFd82Ba0,$0.0071,-4.59%,$41
CPY,COPYTRACK,0xf44745fbd41f6a1ba151df190db0564c5fcc4410,$0.0319,18.84%,$816
MAS,MidasProtocol,0x23ccc43365d9dd3882eab88f43d515208f832430,$0.0038,-2.21%,"$48,098"
TTU,TaTaTu,0x9cda8a60dd5afa156c95bd974428d91a0812e054,$0.0103,-33.53%,$174
FUCK,Finally Usable Crypto Karma,0x65be44c747988fbf606207698c944df4442efe19,$0.0170,--,$0
BBC,B2BCoin,0xe7D3e4413E29ae35B0893140F4500965c74365e5,$0.0020,-53.71%,"$9,039"
UCASH,UCASH,0x92e52a1a235d9a103d970901066ce910aacefd37,$0.0001,-0.69%,"$94,435"
TRST,Trustcoin,0xcb94be6f13a1182e4a4b6140cb7bf2025d28e41b,$0.0105,-2.35%,$360
NBC,Niobium,0x9f195617fa8fbad9540c5d113a99a0a0172aaedc,$0.0193,-7.79%,"$2,638"
SVD,savedroid,0xbdeb4b83251fb146687fa19d1c660f99411eefe3,$0.0004,-5.91%,$264
DAGT,DAGT Crypto Platform,0x56D1aE30c97288DA4B58BC39F026091778e4E316,$0.0417,-4.70%,"$333,688"
GEM,Gems,0xc7bba5b765581efb2cdd2679db5bea9ee79b201f,$0.0008,-6.25%,"$3,341"
BOXX,Boxx,0x780116d91e5592e58a3b3c76a351571b39abcec6,$0.0402,-3.08%,"$131,329"
CBC,CashBetCoin,0x26db5439f651caf491a87d48799da81f191bdb6b,$0.0060,-7.40%,"$26,419"
DXT,DataWallet,0x8db54ca569d3019a2ba126d03c37c44b5ef81ef6,$0.0023,-3.61%,"$15,055"
LEDU,Education,0x5b26c5d0772e5bbac8b3182ae9a13f9bb2d03765,$0.0041,10.18%,"$10,076"
EXY,Experty,0x5c743a35E903F6c584514ec617ACEe0611Cf44f3,$0.0328,-16.37%,"$8,511"
STX,Stox,0x006bea43baa3f7a6f765f14f10a1a1b08334ef45,$0.0171,22.67%,"$78,912"
PCH,POPCHAIN CASH,0xe3f4b4a5d91e5cb9435b947f090a319737036312,$0.0017,-11.34%,"$99,630"
LGD,Legends,0x59061b6f26BB4A9cE5828A19d35CFD5A4B80F056,$0.4302,4.45%,"$34,660"
FLP,FLIP,0x3a1bda28adb5b0a812a7cf10a1950c920f79bcd3,$0.0153,-3.53%,"$20,591"
LNC,Linker Coin,0x6BEB418Fc6E1958204aC8baddCf109B8E9694966,$0.0074,--,$0
CEN,CEN,0x0bc61dded5f6710c637cf8288eb6058766ce1921,$0.0060,-7.96%,"$82,829"
BLUE,Ethereum Blue,0x539efe69bcdd21a83efd9122571a64cc25e0282b,$0.0223,-5.17%,"$79,357"
BBN,BBN,0x35a69642857083ba2f30bfab735dacc7f0bac969,$0.0015,-7.59%,"$18,252"
RPM,REPME,0x490c95be16384e1f28b9e864e98ffecfcbff386d,$0.0000,-3.40%,"$36,877"
SENSE,Sense,0x6745fab6801e376cd24f03572b9c9b0d4edddccf,$0.0032,--,$0
MOZO,Mozo Token,0x44bf22949f9cc84b61b9328a9d885d1b5c806b41,$0.0010,--,$0
SHP,Sharpe Platform Token,0xef2463099360a085f1f10b076ed72ef625497a06,$0.0458,-3.38%,"$8,321"
OMX,Omix,0xb5dbc6d3cf380079df3b27135664b6bcf45d1869,$0.0011,-11.41%,$18
VLD,VALID,0x922ac473a3cc241fd3a0049ed14536452d58d73c,$0.0033,-1.68%,$57
SNTR,Silent Notary Token,0x2859021ee7f2cb10162e67f33af2d22764b31aff,$0.0000,11.34%,"$185,792"
DAT,Datum,0x81c9151de0c8bafcd325a57e3db5a5df1cebf79c,$0.0008,-4.19%,"$170,089"
PYN,Paycentos,0x0142c3b2fc51819b5af5dfc4aa52df9722790851,$0.0254,-22.88%,$383
ARY,Block Array,0xa5f8fc0921880cb7342368bd128eb8050442b1a1,$0.0113,-3.73%,"$22,878"
THR,ThoreCoin,0x1cb3209d45b2a60b7fbca1ccdbf87f674237a4aa,$8.9740,--,$0
SEAL,SealToken,0xd7b3669c7d3e38ab5a441383d41f25e003e02148,$0.0015,-6.24%,$57
DEB,DEBITUM,0x151202c9c18e495656f372281f493eb7698961d5,$0.0038,-3.78%,"$13,181"
iETH,iEthereum,0x859a9c0b44cb7066d956a958b0b82e54c9e44b4b,$0.0421,-2.68%,$828
TGAME,TGAME,0xf8e06e4e4a80287fdca5b02dccecaa9d0954840f,$0.0091,-5.93%,"$56,206"
CMCT,Crowd Machine Compute Token,0x47bc01597798dcd7506dcca36ac4302fc93a8cfb,$0.0016,0.39%,$294
GOT,GoToken,0x423b5f62b328d0d6d44870f4eee316befa0b2df5,$0.0123,-4.98%,"$231,099"
HGT,HelloGold,0xba2184520a1cc49a6159c57e61e1844e085615b6,$0.0028,2.63%,$166
dow,DOW,0x76974c7b79dc8a6a109fd71fd7ceb9e40eff5382,$0.1641,230.38%,$493
THRT,ThriveToken,0x4f27053f32eda8af84956437bc00e5ffa7003287,$0.0071,-7.61%,"$24,314"
ALX,ALX,0x49b127bc33ce7e1586ec28cec6a65b112596c822,$0.0014,-3.00%,$68
LIKE,LikeCoin,0x02f61fd266da6e8b102d4121f5ce7b992640cf98,$0.0015,-7.62%,"$117,461"
ABX,ABX Token,0x9a794dc1939f1d78fa48613b89b8f9d0a20da00e,$0.0353,-4.83%,"$44,076"
PASS,Blockpass,0xee4458e052b533b1aabd493b5f8c4d85d7b263dc,$0.0063,6.00%,$37
FOOD,FoodCoin,0x2a093BcF0C98Ef744Bb6F69D74f2F85605324290,$0.0018,-3.35%,$271
KIND,Kind Ads Token,0x4618519de4c304f3444ffa7f812dddc2971cc688,$0.0199,-16.62%,"$1,399"
IDXM,IDEX Membership,0xcc13fc627effd6e35d2d2706ea3c4d7396c610ea,$350.5182,-2.67%,"$4,042"
DTX,DaTa eXchange Token,0x765f0c16d1ddc279295c1a7c24b0883f62d33f75,$0.0098,6.44%,"$14,594"
ATL,ATLANT,0x78b7fada55a64dd895d8c8c35779dd8b67fa8a05,$0.0184,-1.56%,"$46,937"
REBL,Rebellious,0x5f53f7a8075614b699baad0bc2c899f4bad8fbbf,$0.0039,-4.58%,$27
FTX,FintruX Network,0xd559f20296ff4895da39b5bd9add54b442596a61,$0.0080,4.63%,"$3,355"
INXT,Internxt,0xa8006c4ca56f24d6836727d106349320db7fef82,$1.0669,0.75%,"$16,269"
INVE,InterValue,0xdac4ae188ace3c8985765edc6c9b4739d4845ddc,$0.0050,0.35%,"$387,284"
HAT,Hawala,0x9002d4485b7594e3e850f0a206713b305113f69e,$0.4556,0.48%,$0
DTH,Dether,0x5adc961d6ac3f7062d2ea45fefb8d8167d44b190,$0.0077,-15.16%,$124
WAB,WABnetwork,0x4bbbc57af270138ef2ff2c50dbfad684e9e0e604,$0.0001,-27.57%,"$11,047"
ALI,AiLink Token,0x4289c043a12392f1027307fb58272d8ebd853912,$0.0003,-3.08%,"$565,850"
PLAY,Herocoin,0xe477292f1b3268687a29376116b0ed27a9c76170,$0.0052,-11.79%,"$35,103"
FACE,Faceter,0x1ccaa0f2a7210d76e1fdec740d5f323e2e1b1672,$0.0014,-5.48%,"$3,892"
CAN,CanYaCoin,0x1d462414fe14cf489c7a21cac78509f4bf8cd7c0,$0.0135,-6.96%,"$42,929"
PRO,Pro,0x9041fe5b3fdea0f5e4afdc17e75180738d877a01,$0.0128,-14.51%,"$6,934"
0xBTC,0xBitcoin Token,0xb6ed7644c69416d67b522e20bc294a9a9b405b31,$0.1657,-11.40%,"$447,038"
BITPARK,BITPARK,0xf3d29fb98d2dc5e78c87198deef99377345fd6f1,$0.0084,--,$0
ADB,AdBank,0x2baac9330cf9ac479d819195794d79ad0c7616e3,$0.0010,-4.77%,"$22,700"
HOLD,HOLD,0xd6e1401a079922469e9b965cb090ea6ff64c6839,$0.0009,-9.83%,"$64,085"
CHP,Poker Chips,0xf3db7560e820834658b590c96234c333cd3d5e5e,$0.0020,0.36%,"$7,061"
PLU,Pluton,0xD8912C10681D8B21Fd3742244f44658dBA12264E,$0.7267,39.63%,"$11,299"
C8,Carboneum,0xd42debe4edc92bd5a3fbb4243e1eccf6d63a4a5d,$0.0119,-39.20%,$120
SCL,SOCIALL,0xd7631787b4dcc87b1254cfd1e5ce48e96823dee8,$0.0356,-4.54%,$0
GLA,Gladius,0x71d01db8d6a2fbea7f8d434599c237980c234e4c,$0.0411,1.86%,$309
UQC,Uquid Coin,0xd01db73e047855efb414e6202098c4be4cd2423b,$0.0592,-3.62%,"$397,517"
BERRY,Berry,0x6aeb95f06cda84ca345c2de0f3b7f96923a44f4c,$0.0020,-5.46%,$461
ERO,EROSCOIN,0x74ceda77281b339142a36817fa5f9e29412bab85,$0.0031,-17.44%,$561
BNTY,Bounty0x,0xd2d6158683aee4cc838067727209a0aaf4359de3,$0.0029,6.05%,"$1,110"
OPTI,OptiToken,0x832904863978b94802123106e6eb491bdf0df928,$0.0226,8.74%,"$9,927"
ERT,Eristica TOKEN,0x92A5B04D0ED5D94D7a193d1d334D3D16996f4E13,$0.0033,-4.55%,$169
NPER,NPER,0x4ce6b362bc77a24966dda9078f9cef81b3b886a7,$0.0113,-2.50%,"$17,982"
ATMI,Atonomi,0x97aeb5066e1a590e868b511457beb6fe99d329f5,$0.0011,2.15%,"$45,616"
S,Sharpay,0x96b0bf939d9460095c15251f71fda11e41dcbddb,$0.0005,9.90%,"$31,123"
COFI,CoinFi,0x3136ef851592acf49ca4c825131e364170fa32b3,$0.0031,-5.88%,$946
VRS,Veros,0x92e78dae1315067a8819efd6dca432de9dcde2e9,$0.0100,10.14%,"$4,995"
MTC,MTC Mesh Network,0xdfdc0d82d96f8fd40ca0cfb4a288955becec2088,$0.0018,-7.90%,"$455,788"
SCC,SiaCashCoin,0x74fd51a98a4a1ecbef8cc43be801cce630e260bd,$0.0001,-2.06%,"$14,205"
CLN,Colu Local Network,0x4162178b78d6985480a308b2190ee5517460406d,$0.0052,-3.92%,$820
PHI,PHI Token,0x13c2fab6354d3790d8ece4f0f1a3280b4a25ad96,$0.0905,8.00%,$2
EVC,EventChain,0xb62d18dea74045e822352ce4b3ee77319dc5ff2f,$0.0169,11.38%,"$2,052"
POLL,ClearPoll,0x705EE96c1c160842C92c1aeCfCFfccc9C412e3D9,$0.0739,-3.96%,$116
EVE,Devery.io,0x923108a439c4e8c2315c4f6521e5ce95b44e9b4c,$0.0082,-4.12%,$622
WISH,MyWish,0x1b22c32cd936cb97c28c5690a0695a82abf688e6,$0.0258,-6.53%,"$18,119"
ESS,ESSENTIA,0xfc05987bd2be489accf0f509e44b0145d68240f7,$0.0006,-3.77%,"$87,534"
UCN,UChain Token,0xaaf37055188feee4869de63464937e683d61b2a1,$0.0015,-9.18%,"$283,216"
RNTB,RNTB Token,0x1fe70be734e473e5721ea57c8b5b01e6caa52686,$0.0006,-17.10%,"$20,684"
1WO,1World,0xfdbc1adc26f0f8f8606a5d63b7d3a3cd21c22b23,$0.0234,-4.28%,$66
SENC,Sentinel Chain,0xa13f0743951b4f6e3e3aa039f682e17279f52bc3,$0.0025,-5.05%,$842
WRC,Worldcore,0x72adadb447784dd7ab1f472467750fc485e4cb2d,$0.0027,-3.60%,"$5,215"
VOISE,VOISE,0x83eEA00D838f92dEC4D1475697B9f4D3537b56E3,$0.0009,28.73%,$117
RTE,Rate3,0x436f0f3a982074c4a05084485d421466a994fe53,$0.0011,-1.57%,"$163,694"
PIX,PIX,0x8eFFd494eB698cc399AF6231fCcd39E08fd20B15,$0.0035,-7.73%,$14
PKT,Playkey,0x2604fa406be957e542beb89e6754fcde6815e83f,$0.0336,-6.55%,"$27,519"
BEE,Bee,0x4d8fc1453a0f359e99c9675954e656d80d996fbf,$0.0022,-12.69%,"$9,145"
ZLA,Zilla,0xfd8971d5e8e1740ce2d0a84095fca4de729d0c16,$0.0105,-8.08%,"$25,643"
BETR,Better Betting,0x763186eb8d4856d536ed4478302971214febc6a9,$0.0026,-9.16%,"$14,152"
REF,RefToken,0x89303500a7abfb178b274fd89f2469c264951e1f,$0.6096,-3.81%,"$31,150"
TIG,Tigereum,0xeee2d00eb7deb8dd6924187f5aa3496b7d06e62a,$0.0259,24.33%,"$8,550"
XNN,XENON,0xab95e915c123fded5bdfb6325e35ef5515f1ea69,$0.0015,-6.27%,$344
RTB,AB-CHAIN RTB token,0xec491c1088eae992b7a214efb0a266ad0927a72a,$0.0227,20.14%,"$5,037"
BETHER,Bethereum,0x14c926f2290044b647e1bf2072e67b495eff1905,$0.0014,-9.06%,"$12,795"
UBC,UBCoin,0x2d3e7d4870a51b918919e7b851fe19983e4c38d5,$0.0013,-3.80%,"$1,547"
IPSX,IPSX,0x001f0aa5da15585e5b2305dbab2bac425ea71007,$0.0005,-12.96%,$44
SPX,SP8DE Token,0x05aaaa829afa407d83315cded1d45eb16025910c,$0.0001,0.95%,"$10,038"
ART,Maecenas ART Token,0xfec0cf7fe078a500abf15f1284958f22049c2c7e,$0.0107,-28.47%,$95
CRC,CryCash,0xf41e5fbc2f6aac200dd8619e121ce1f05d150077,$0.0903,-8.61%,"$1,765"
SMS,Speed Mining Service,0x39013f961c378f02c2b82a6e1d31e9812786fd9d,$3.9420,-3.85%,$0
FLOT,Fire Lotto,0x049399a6b048d52971f7d122ae21a1532722285f,$0.0196,-8.75%,"$68,689"
NXX,Nexxus,0x7627de4b93263a6a7570b8dafa64bae812e5c394,$0.0210,--,$0
TIE,TieToken,0x999967e2ec8a74b7c8e9db19e039d920b31d39d0,$0.0100,-1.91%,$112
MNTP,Goldmint MNT Prelaunch Token,0x83cee9e086a77e492ee0bb93c2b0437ad6fdeccc,$0.2073,-2.81%,"$1,267"
SKIN,SkinCoin,0x2bdc0d42996017fce214b21607a515da41a9e0c5,$0.0044,-5.77%,"$6,708"
HBZ,Helbiz,0xe34e1944e776f39b9252790a0527ebda647ae668,$0.0005,-7.22%,"$51,675"
GMT,Global Messaging Token,0xb3bd49e28f8f832b8d1e246106991e546c323502,$0.0023,--,$0
IND,Indorse,0xf8e386eda857484f5a12e4b5daa9984e06e73705,$0.0103,-4.54%,$241
NxC,Nexium,0x45e42D659D9f9466cD5DF622506033145a9b89Bc,$0.0058,-2.18%,"$1,296"
HER,HeroNodeToken,0x491c9a23db85623eed455a8efdd6aba9b911c5df,$0.0004,-5.30%,"$35,589"
STRC,StarCredits,0x46492473755e8df960f8034877f61732d718ce96,$0.0848,--,$0
CRED,Verify,0x672a1ad4f667fb18a333af13667aa0af1f5b5bdd,$0.0281,110.63%,$190
OLE,Olive,0x9d9223436ddd466fc247e9dbbd20207e640fef58,$0.0013,-4.45%,"$10,464"
VIEW,VIEW,0xf03f8d65bafa598611c3495124093c56e8f638f0,$0.0105,-5.60%,$161
HB,HeartBout,0xf0d8f9deeceb881c269854617c9bed6ed2e1530b,$0.0069,-2.27%,"$42,980"
IFT,Feed,0x7654915a1b82d6d2d0afc37c52af556ea8983c7e,$0.0019,25.24%,$10
SPN,Sapien Network,0x20f7a3ddf244dc9299975b4da1c39f8d5d75f05a,$0.0018,-6.33%,"$21,577"
Rating,Rating,0xe8663a64a96169ff4d95b4299e7ae9a76b905b31,$0.0002,-6.09%,"$78,461"
ADL,Adelphoi,0x660e71483785f66133548B10f6926dC332b06e61,$0.0174,2.09%,$70
MTX,Matryx,0x0af44e2784637218dd1d32a322d44e603a8f0c6a,$0.0153,-3.58%,"$167,824"
J8T,J8T,0x0d262e5dc4a06a0f1c90ce79c7a60c09dfc884e4,$0.0006,-0.58%,"$32,024"
RLX,Relex,0x4a42d2c580f83dce404acad18dab26db11a1750e,$0.0002,-13.25%,"$10,821"
JSE,JSE Token,0x2d184014b5658c453443aa87c8e9c4d57285620b,$0.0008,-12.99%,$287
PBL,Pebbles,0x55648de19836338549130b1af587f16bea46f66b,$0.0188,--,$0
SURE,SURETY Token,0x95382ac82e886a367bac9e1e23beabe569bcfed8,$0.0063,--,$0
KRL,Kryll,0x464ebe77c293e473b48cfe96ddcf88fcf7bfdac0,$0.0288,-5.76%,"$19,769"
EQL,EQUAL,0x47dd62d4d075dead71d0e00299fc56a2d747bebb,$0.0009,-3.75%,$0
PMNT,Paymon,0x81b4d08645da11374a03749ab170836e4e539767,$0.0006,11.06%,$402
HORSE,Horse,0x5b0751713b2527d7f002c0c4e2a37e1219610a6b,$0.0031,-0.91%,$249
ATM,ATMChain,0x9B11EFcAAA1890f6eE52C6bB7CF8153aC5d74139,$0.0001,-25.34%,$517
CAT,BitClave,0x1234567461d3f8db7496581774bd869c83d51c93,$0.0007,-4.59%,$50
BOUTS,BoutsPro,0x139d9397274bb9e2c29a9aa8aa0b5874d30d62e3,$0.0044,-1.87%,"$10,656"
EBTC,eBitcoin,0xeb7c20027172e5d143fb030d50f91cece2d1485d,$0.0176,-6.76%,"$9,097"
ZXC,0xcert Protocol Token,0x83e2be8d114f9661221384b3a50d24b96a5653f5,$0.0029,0.48%,"$199,853"
EMV,EthereumMovieVenture,0xb802b24e0637c2b87d2e8b7784c055bbe921011a,$0.0504,--,$0
PTT,Proton Token,0x4689a4e169eb39cc9078c0940e21ff1aa8a39b9c,$0.0001,-7.31%,"$93,078"
FREC,Freyr Coin,0x17e67d1cb4e349b9ca4bc3e17c7df2a397a7bb64,$0.0007,-0.73%,"$24,901"
TRAK,TrakInvest Token,0x12759512d326303b45f1cec8f7b6fd96f387778e,$0.0039,-5.58%,$0
ORME,Ormeus Coin,0x516e5436bafdc11083654de7bb9b95382d08d5de,$0.0189,6.90%,"$114,502"
LALA,LALA,0xfd107b473ab90e8fbd89872144a3dc92c40fa8c9,$0.0017,-13.56%,"$41,632"
TGT,Target Coin,0xac3da587eac229c9896d919abc235ca4fd7f72c1,$0.0003,--,$0
DAN,Daneel,0x9b70740e708a083c6ff38df52297020f5dfaa5ee,$0.0079,-2.43%,"$2,932"
PFR,PayFair,0x2fa32a39fc1c399e0cc7b2935868f5165de7ce97,$0.0035,--,$0
ETA,ETHEERA,0x9195e00402abe385f2d00a32af40b271f2e87925,$0.0001,-26.84%,$809
CPLO,Cpollo,0x7064aab39a0fcf7221c3396719d0917a65e35515,$0.0000,-4.58%,$47
BOB,BOB Token,0xDF347911910b6c9A4286bA8E2EE5ea4a39eB2134,$0.0040,-7.85%,"$404,784"
METM,MetaMorph,0xfef3884b603c33ef8ed4183346e093a173c94da6,$0.0041,4.50%,"$26,847"
ZIPT,Zippie,0xedd7c94fd7b4971b916d15067bc454b9e1bad980,$0.0011,-16.63%,$1
LION,LionCoin,0x2167fb82309cf76513e83b25123f8b0559d6b48f,$0.0094,-7.87%,$55
HAC,HAC Token,0x43567eb78638A55bbE51E9f9FB5B2D7AD1F125aa,$0.0009,--,$0
XOV,XOVBank,0x153ed9cc1b792979d2bde0bbf45cc2a7e436a5f9,$0.0025,18.11%,"$10,659"
PARETO,Pareto Network Token,0xea5f88e54d982cbb0c441cde4e79bc305e5b43bc,$0.0008,-19.61%,"$1,469"
TALAO,Talao,0x1d4ccc31dab6ea20f461d329a0562c1c58412515,$0.0280,--,$0
CTX,CarTaxi,0x662abcad0b7f345ab7ffb1b1fbb9df7894f18e66,$0.0069,--,$0
TBX,Tokenbox,0x3a92bd396aef82af98ebc0aa9030d25a23b11c6b,$0.0241,-3.49%,"$9,815"
BTB,Bitibu,0xc429e7b63dc30b51f5a7e4be23fd5eb4baf8a1c3,$0.0644,-1.53%,$0
PYLNT,Pylon,0x7703c35cffdc5cda8d27aa3df2f9ba6964544b6e,$0.6501,-9.58%,"$279,066"
NAVI,NaviToken,0x588047365df5ba589f923604aac23d673555c623,$0.0011,5.26%,"$158,475"
CST,Cryptosolartech,0xbb49a51ee5a66ca3a8cbe529379ba44ba67e6771,$0.0042,-16.34%,"$1,531"
BTCA,BitAir,0x02725836ebf3ecdb1cdf1c7b02fcbbfaa2736af8,$0.0004,--,$0
MESH,BlockMesh,0xf03045a4c8077e38f3b8e2ed33b8aee69edf869f,$0.0030,4.77%,$903
FID,Fidelium Token,0x52fb36c83ad33c1824912fc81071ca5eeb8ab390,$0.0022,--,$0
SIG,Signals,0x6888a16ea9792c15a4dcf2f6c623d055c8ede792,$0.0009,-17.25%,$13
LOCI,LOCIcoin,0x9c23d67aea7b95d80942e3836bcdf7e708a747c2,$0.0063,-2.53%,"$1,093"
CAT,BlockCAT,0x56ba2ee7890461f463f7be02aac3099f6d5811a8,$0.0347,--,$0
E4ROW,E4ROW,0xce5c603c78d047ef43032e96b5b785324f753a4f,$0.0440,--,$0
BTRN,BTRN,0x03c780cd554598592b97b7256ddaad759945b125,$0.0048,0.06%,$0
FYP,Flyp.me,0x8f0921f30555624143d427b340b1156914882c10,$0.0142,-23.53%,$54
ETHM,Ethereum Meta,0x56b6431f45d08eed55f34371386326c739eacbcc,$0.0028,-4.63%,$927
BOE,Bodhi Ethereum,0x970e035e2a013cf4becd67e300d65bc32a56d826,$0.0170,-3.89%,"$15,700"
NEWB,Newbium,0x814964b1bceAf24e26296D031EaDf134a2Ca4105,$0.0050,--,$0
NEXT,NEXT.exchange,0x4e005a760e00e17c4912a8070eec047cfecbabbb,$0.0785,-32.55%,$121
FKX,Knoxstertoken,0x009e864923b49263c7f10d19b7f8ab7a9a5aad33,$0.0021,0.22%,$0
SGN,Signals Network Token,0xb2135ab9695a7678dd590b1a996cb0f37bcb0718,$0.0028,-8.17%,"$1,941"
LNK,Link Platform,0xe2e6d4be086c6938b53b22144855eef674281639,$14.7876,--,$0
DRPU,DRP Utility,0xe30e02f049957e2a5907589e06ba646fb2c321ba,$0.0679,-3.68%,$0
CL,Coinlancer,0xe81d72d14b1516e68ac3190a46c93302cc8ed60f,$0.0033,-4.67%,"$1,886"
WIZ,CrowdWizToken,0x2f9b6779c37df5707249eeb3734bbfc94763fbe2,$0.0293,29.72%,$20
AUC,Auctus,0xc12d099be31567add4e4e4d0d45691c3f58f5663,$0.0137,-1.53%,"$1,153"
RCT,realchain,0x13f25cd52b21650caa8225c9942337d914c9b030,$0.0007,-1.69%,"$90,072"
PARKGENE ,GENE TOKEN (PARKGENE) (GENE,0x6dd4e4aad29a40edd6a409b9c1625186c9855b4d,$0.0008,-4.74%,"$25,613"
CRBT,CRUISEBIT,0x2cf618c19041d9db330d8222b860a624021f30fb,$0.0085,--,$0
CYMT,CyberMusic,0x78c292d1445e6b9558bf42e8bc369271ded062ea,$0.0000,499.94%,$474
XCLR,ClearCoin,0x1e26b3d07e57f453cae30f7ddd2f945f5bf3ef33,$0.0004,-4.59%,$739
ORS,OriginSport Token,0xeb9a4b185816c354db92db09cc3b50be60b901b6,$0.0036,-5.62%,"$250,964"
IONC,IONChain Token,0xbc647aad10114b89564c0a7aabe542bd0cf2c5af,$0.0021,-15.13%,"$32,528"
LCT,LendConnect,0x05c7065d644096a4e4c3fe24af86e36de021074b,$0.0998,--,$0
REX,imbrex,0xf05a9382A4C3F29E2784502754293D88b835109C,$0.0248,-4.05%,$0
MFG,SyncFab Smart Manufacturing Blockchain,0x6710c63432a2de02954fc0f851db07146a6c0312,$0.0012,-3.87%,"$72,080"
BEAT,BEAT,0x2fb12bccf6f5dd338b76be784a93ade072425690,$0.0018,-5.05%,"$22,383"
CCRB,CCRB,0xe4c94d45f7aef7018a5d66f44af780ec6023378e,$0.0086,-14.75%,$94
LNC,Lancer Token,0x63e634330a20150dbb61b15648bc73855d6ccf07,$0.0018,0.01%,"$8,016"
NDC,NEVERDIE,0xa54ddc7b3cce7fc8b1e3fa0256d0db80d2c10970,$0.0016,1.65%,$258
Italian Lira ,ITL (Italian Lira) (ITL,0x122A86b5DFF2D085AfB49600b4cd7375D0d94A5f,$0.0000,9.07%,"$88,243"
AIX,Aigang,0x1063ce524265d5a3a624f4914acd573dd89ce988,$0.0070,3.96%,"$14,932"
HQT,HyperQuant Token,0x3e1d5a855ad9d948373ae68e4fe1f094612b1322,$0.0028,-11.34%,"$483,301"
KAT,Katalyse,0x88FCFBc22C6d3dBaa25aF478C578978339BDe77a,$0.2312,--,$0
NOBS,No BS Crypto,0xf4faea455575354d2699bc209b0a65ca99f69982,$0.0002,3.37%,"$41,795"
STAC,StarterCoin,0x9a005c9a89bd72a4bd27721e7a09a3c11d2b03c4,$0.0007,-4.03%,$0
KWATT,4NEW,0x241ba672574a78a3a604cdd0a94429a73a84a324,$0.0035,-0.67%,"$25,541"
ONE,Menlo One,0x4d807509aece24c0fa5a102b6a3b059ec6e14392,$0.0006,-8.94%,"$5,510"
ONG,onG,0xd341d1680eeee3255b8c4c75bcce7eb57f144dae,$0.0044,-18.49%,$336
SPF,SPF,0x85089389c14bd9c77fc2b8f0c3d1dc3363bf06ef,$0.0034,-8.51%,"$41,133"
AGVC,AgaveCoin,0x86d5b3b108dbc56e9e5ea7d5c56a3e32ccadac35,$0.0030,--,$0
ALT,AltEstate token,0x419b8ed155180a8c9c64145e76dad49c0a4efb97,$0.0002,-4.21%,"$2,580"
BON,Bonpay,0xcc34366e3842ca1bd36c1f324d15257960fcc801,$0.0159,11.44%,"$13,224"
EXMR,EXMR,0xc98e0639c6d2ec037a615341c369666b110e80e5,$0.0149,5.16%,"$1,719"
LUC,Level-Up Coin,0x5dbe296f97b23c4a6aa6183d73e574d02ba5c719,$0.0002,-1.24%,$804
ADI,Aditus,0x8810c63470d38639954c6b41aac545848c46484a,$0.0007,-6.23%,"$49,240"
ESZ,ESZCoin,0xe8a1df958be379045e2b46a31a98b93a2ecdfded,$0.0250,-6.92%,$187
ING,IUNGO,0x24ddff6d8b8a42d835af3b440de91f3386554aa4,$0.0043,0.15%,"$16,906"
CRB,CreditBIT,0xAef38fBFBF932D1AeF3B808Bc8fBd8Cd8E1f8BC5,$0.0101,-8.11%,"$1,386"
DAY,DAY,0xE814aeE960a85208C3dB542C53E7D4a6C8D5f60F,$0.2107,-11.12%,$49
JET,Jetcoin,0x8727c112c712c4a03371ac87a74dd6ab104af768,$0.0246,-16.45%,"$13,437"
BCDT,Blockchain Certified Data Token,0xacfa209fb73bf3dd5bbfb1101b9bc999c49062a5,$0.0054,-3.60%,$0
CYFM,CYBERFM,0x3f06b5d78406cd97bdf10f5c420b241d32759c80,$0.0000,1.91%,"$10,387"
BBO,Bigbom,0x84f7c44b6fed1080f647e354d552595be2cc602f,$0.0005,-5.26%,"$281,523"
eGAS,ETHGAS,0xb53a96bcbdd9cf78dff20bab6c2be7baec8f00f8,$0.0159,--,$0
GRMD,GreenMed,0xb444208cb0516c150178fcf9a52604bc04a1acea,$0.0112,33.71%,"$15,811"
XMCT,XMED Chain Token,0x44449Fa4d607F807d1eD4a69ad942971728391C8,$0.0016,-1.94%,"$28,117"
KNT,Kora Network Token,0xff5c25d2f40b47c4a37f989de933e26562ef0ac0,$0.0005,-5.63%,"$3,793"
FT,Fabric Token,0x78a73B6CBc5D183CE56e786f6e905CaDEC63547B,$0.0064,27.56%,$26
ZINC,ZINC,0x4aac461c86abfa71e9d00d9a2cde8d74e4e1aeea,$0.0371,-5.44%,$95
ACE,ACE,0x06147110022b768ba8f99a8f385df11a151a9cc8,$0.0131,-3.85%,"$33,141"
ELY,Elycoin,0xa95592dcffa3c080b4b40e459c5f5692f67db7f8,$0.0018,-6.70%,"$51,496"
WELL,WELL Token,0x684e2dcb12bb755237e07242529c82f78a84ea61,$0.0020,-3.63%,$0
FND,FundRequest,0x4df47b4969b2911c966506e3592c41389493953b,$0.0030,-5.50%,"$5,264"
WEB,Webcoin,0x840fe75abfadc0f2d54037829571b2782e919ce4,$0.0042,-14.89%,"$776,660"
HELP,HELP,0xbbc2045d335cb224228f1850b29173d9d7d7b989,$0.0440,-2.56%,"$12,383"
SUR,Suretly,0xe120c1ecbfdfea7f0a8f0ee30063491e8c26fedf,$0.5847,-1.91%,"$6,457"
AMN,Amon,0x737f98ac8ca59f2c68ad658e3c3d8c8963e40a4c,$0.0003,-4.97%,"$1,277"
BBI,Beluga Banking Infrastructure Token,0x37d40510a2f5bc98aa7a0f7bf4b3453bcfb90ac1,$0.0264,--,$0
RIYA,Etheriya,0x0b1724cc9fda0186911ef6a75949e9c0d3f0f2f3,$0.0823,--,$0
EGT,EngagementToken,0x5dbac24e98e2a4f43adc0dc82af403fca063ce2c,$0.0003,-8.33%,"$26,328"
WIN,WCOIN,0x899338b84d25ac505a332adce7402d697d947494,$0.0316,--,$0
MASH,MasterNet,0xa0d440c6da37892dc06ee7930b2eede0634fd681,$0.0040,12.03%,$314
MORE,Mithril Ore,0x501262281b2ba043e2fbf14904980689cddb0c78,$10.7001,-3.09%,$28
HAND,ShowHand,0x48c1b2f3efa85fbafb2ab951bf4ba860a08cdbb7,$0.0000,-4.51%,"$114,925"
TNS,Transcodium,0xb0280743b44bf7db4b6be482b2ba7b75e5da096c,$0.0024,-4.03%,"$216,451"
BITS,Bitcoinus,0xcc53C2E5e2421cb5a5307Ed1C229816d71266292,$0.0021,2.50%,"$110,864"
ITT,Intelligent Trading Technologies,0x0aef06dcccc531e581f0440059e6ffcc206039ee,$0.0117,-6.92%,"$1,066"
NDX,nDEX,0x1966d718a565566e8e202792658d7b5ff4ece469,$0.0000,0.31%,"$14,622"
MIC,Mindexcoin,0x3a1237d38d0fb94513f85d61679cad7f38507242,$0.0048,-14.63%,"$1,548"
DIT,Inmediate,0xf14922001a2fb8541a433905437ae954419c2439,$0.0005,7.28%,$776
TKA,Tokia,0xdae1baf249964bc4b6ac98c3122f0e3e785fd279,$0.0026,-10.61%,$76
EPY,EmphyCoin,0x50ee674689d75c0f88e8f83cfe8c4b69e8fd590d,$0.0136,-1.10%,$580
BTK,BitcoinToken,0xdb8646f5b487b5dd979fac618350e85018f557d4,$0.0000,-0.39%,"$14,819"
BNN,BrokerNekoNetwork,0xda80b20038bdf968c7307bb5907a469482cf6251,$0.0000,616.58%,$4
TRCT,Tracto,0x30ceCB5461A449A90081F5a5F55db4e048397BAB,$0.0039,-6.50%,$125
FTXT,FUTURAX,0x41875c2332b0877cdfaa699b641402b7d4642c32,$0.0000,-7.32%,"$9,995"
PASS,PASS Token,0x77761e63c05aee6648fdaeaa9b94248351af9bcd,$0.0069,--,$0
SGR,Sugar Exchange,0xcb5a05bef3257613e984c17dbcf039952b6d883f,$0.0044,-3.64%,$0
JC,Jesus Coin,0xe2d82dc7da0e6f882e96846451f4fabcc8f90528,$0.0000,-20.47%,$7
HUR,Hurify Token,0xcdb7ecfd3403eef3882c65b761ef9b5054890a47,$0.0004,-11.87%,"$12,677"
MTRc,ModulTrade Token,0x1e49ff77c355a3e38d6651ce8404af0e48c5395f,$0.0025,-2.14%,"$22,575"
DTRC,Datarius Credit,0xc20464e0c373486d2b3335576e83a218b1618a5e,$0.0007,-5.26%,"$1,410,588"
PAT,Pangea Arbitration Token,0xBB1fA4FdEB3459733bF67EbC6f893003fA976a82,$0.0000,0.49%,"$1,443"
DOR,DoradoToken,0x906b3f8b7845840188eab53c3f5ad348a787752f,$0.0002,17.25%,$289
TIC,Thingschain,0x72430a612adc007c50e3b6946dbb1bb0fd3101d1,$0.0000,-7.96%,"$9,678"
JOT,Jury.Online,0xdb455c71c1bc2de4e80ca451184041ef32054001,$0.0096,-14.10%,$23
ICE,IDICE,0x5a84969bb663fb64f6d015dcf9f622aedc796750,$0.0546,-3.14%,$0
VSL,vSlice,0x5c543e7AE0A1104f78406C340E9C64FD9fCE5170,$0.0025,7.76%,$1
NTK,Netkoin,0x5d4d57cd06fa7fe99e26fdc481b468f77f05073c,$0.0000,-2.54%,$134
eBCH,eBitcoinCash,0xafc39788c51f0c1ff7b55317f3e70299e521fff6,$0.0085,--,$0
FBN,FiveBalance,0x568f9f32969e29b5ce1a4545be5398e8cc7c4401,$0.0000,1.37%,"$8,755"
PTS,PitisCoin,0x540e5fff293f523acd26291b5bc7ac5713991feb,$0.0001,-1.14%,$560
NER,Nerves,0xee5dfb5ddd54ea2fb93b796a8a1b83c3fe38e0e6,$0.0000,--,$0
KWH,KWHCoin,0xebc7cd2684dd96619841c7994343c5a8bda94b10,$0.0001,6.96%,"$36,468"
BDT,BDT Token,0x033030feebd93e3178487c35a9c8ca80874353c9,$0.0015,-32.79%,$102
SAT,Social Activity Token,0xc56b13ebbcffa67cfb7979b900b736b3fb480d78,$0.0006,-62.06%,$7
IG,IG,0x8a88f04e0c905054d2f33b26bb3a46d7091a039a,$0.0000,-17.39%,"$90,939"
VIU,VIU,0x519475b31653e46d20cd09f9fdcf3b12bdacb4f5,$0.0002,-10.65%,$23
DDF,Digital Developers Fund Token,0xcc4ef9eeaf656ac1a2ab886743e98e97e090ed38,$0.0136,--,$0
EZT,EZToken,0x5e6016ae7d7c49d347dcf834860b9f3ee282812b,$0.0059,-5.53%,$53
QUIN,QUINADS,0x86e44543164d9b97b14ef7f6f3ab7ba670cab346,$0.0000,-5.20%,"$9,947"
PKG,PKG Token,0x02f2d4a04e6e01ace88bd2cd632875543b2ef577,$0.0000,9.52%,"$10,456"
300,300 Token,0xaec98a708810414878c3bcdf46aad31ded4a4557,$202.7249,--,$0
BTCR,Bitcoin Red,0x6aac8cb9861e42bf8259f5abdc6ae3ae89909e11,$0.0029,0.11%,$68
YUP,YUP,0xd9a12cde03a86e800496469858de8581d3a5353d,$0.0004,85.82%,$205
KNDC,KanadeCoin,0x8e5610ab5e39d26828167640ea29823fe1dd5843,$0.0000,--,$0
ATS,Authorship,0x2dAEE1AA61D60A252DC80564499A69802853583A,$0.0006,2.91%,$35
CYL,CrystalToken,0x26cb3641aaa43911f1d4cb2ce544eb652aac7c47,$0.1037,7.87%,"$20,012"
MICRO,MICROMINES,0xbe6c8f2810ef39420d2dc2901b8414c8c45fee6d,$0.0000,38.83%,"$46,177"
WIT,WIT,0xe13ef257cf4d5df928ca11d230427c037666d466,$0.0000,-8.15%,$185
ARCT,ArbitrageCT,0x1245ef80f4d9e02ed9425375e8f649b9221b31d8,$0.0006,-9.35%,$666
ETG,Ethereum Gold,0x28c8d01ff633ea9cd8fc6a451d7457889e698de6,$0.0048,-6.42%,$269
TYPE,Typerium,0xeaf61fc150cd5c3bea75744e830d916e60ea5a9f,$0.0006,2.29%,$282
XBL,Billionaire Token,0x49aec0752e68d0282db544c677f6ba407ba17ed7,$0.0165,-38.28%,$68
UET,UselessEthereumToken,0x27f706edde3aD952EF647Dd67E24e38CD0803DD6,$0.0134,--,$0
CCT,Crystal Clear Token,0x336f646f87d9f6bc6ed42dd46e8b3fd9dbd15c22,$0.0096,-6.63%,$11
MCAP,MCAP,0x93e682107d1e9defb0b5ee701c71707a4b2e46bc,$0.0048,19.61%,$592
CDX,Network,0x6fff3806bbac52a20e0d79bc538d527f6a22c96b,$0.0015,--,$0
RLT,RouletteToken,0xcced5b8288086be8c38e23567e684c3740be4d48,$0.0049,-6.71%,"$1,015"
EZW,EZOOW,0x78a2a1029e3168b49d3a276c787050ff5106dcf2,$0.0000,159.15%,$15
ZNT,Zenswap Network Token,0xe95990825aab1a7f0af4cc648f76a3bcc99f25b2,$0.0000,54.50%,"$17,308"
QURO,Qurito,0x076a93a40bf9e0d21d3f75dd1e0584ddbe0f9d1a,$0.0050,-7.78%,$188
VIKKY,Vikky Token,0xd2946be786f35c3cc402c29b323647abda799071,$0.0000,-4.78%,"$11,455"
TCH,ThoreCash,0x9972a0f24194447e73a7e8b6cd26a52e02ddfad5,$0.0011,11.38%,"$7,077"
BTR,Bitether,0x499a6b77bc25c26bcf8265e2102b1b3dd1617024,$0.0012,-5.02%,"$3,727"
ZEUS,ZeusNetwork,0xe7e4279b80d319ede2889855135a22021baf0907,$0.0000,-41.21%,$291
SOL,Sola Token,0x1f54638b7737193ffd86c19ec51907a7c41755d8,$0.0015,-5.93%,$28
ORI,Origami Network,0xd2fa8f92ea72abb35dbd6deca57173d22db2ba49,$0.0095,-18.56%,$73
DGPT,DigiPulse,0xf6cfe53d6febaeea051f400ff5fc14f0cbbdaca1,$0.0173,--,$0
MCI,Musiconomi,0x138a8752093f4f9a79aaedf48d4b9248fab93c9c,$0.0014,--,$0
ETHD,Ethereum Dark,0xdbfb423e9bbf16294388e07696a5120e4ceba0c5,$0.0248,--,$0
EMB,Embers,0x386467f1f3ddbe832448650418311a479eecfc57,$0.0007,--,$0
SGP,SGPay,0x33c623a2baafeb8d15dfaf3ce44095efec83d72c,$0.0179,--,$0
NOX,Nitro,0xec46f8207d766012454c408de210bcbc2243e71c,$0.0019,-1.45%,$115
BC,Block-Chain.com Token,0x2ecb13a8c458c379c4d9a7259e202de03c8f3d19,$0.0034,82.19%,$9
POSS,Posscoin,0x6b193e107a773967bd821bcf8218f3548cfa2503,$0.0000,-5.56%,$29
TEAM,TEAM,0x1c79ab32c66acaa1e9e81952b8aaa581b43e54e7,$0.0030,-4.81%,"$4,777"
SNR,Sonder,0x47d1a59cbdd19aee060c859c0009277e245328ae,$0.0002,-2.63%,"$15,025"
WTN,WaleTokeN,0x0ea984e789302b7b612147e4e4144e64f21425eb,$0.0000,-8.16%,"$9,983"
WILD,WILD Token,0xd3c00772b24d997a812249ca637a921e81357701,$0.0013,--,$0
NRP,Neural Protocol,0x3918c42f14f2eb1168365f911f63e540e5a306b5,$0.0000,-7.84%,"$16,616"
MNE,minereum,0x1a95b271b0535d15fa49932daba31ba612b52946,$0.0057,-10.17%,$526
RMC,RemiCoin,0x7dc4f41294697a7903c4027f6ac528c5d14cd7eb,$0.0147,-22.10%,$0
GUESS,GUESS,0xbdcfbf5c4d91abc0bc9709c7286d00063c0e6f22,$0.0004,-0.61%,$11
CCO,Ccore,0x679badc551626e01b23ceecefbc9b877ea18fc46,$0.0140,-76.98%,$5
EARTH,EARTH Token,0x900b4449236a7bb26b286601dd14d2bde7a6ac6c,$0.0001,0.02%,$0
BRAT,BRAT,0x9e77d5a1251b6f7d456722a6eac6d2d5980bd891,$0.0001,14.39%,$15
MFTU,MFTU,0x05d412ce18f24040bb3fa45cf2c69e506586d8e8,$0.0001,-1.78%,"$1,196"
EBET,Ethbet,0x7D5Edcd23dAa3fB94317D32aE253eE1Af08Ba14d,$0.0025,--,$0
IBTC,IBTC,0x0784dbabb6c6834bddfb7cfee116ba049e5dafab,$0.0021,-20.87%,$64
FRV,Fitrova,0x48df4e0296f908ceab0428a5182d19b31fc037d6,$0.0000,--,$0
NTWK,Network,0x2233799ee2683d75dfefacbcd2a26c78d34b470d,$0.0012,--,$0
IXE,IXE Token,0x7a07e1a0c2514d51132183ecfea2a880ec3b7648,$0.0007,--,$0
BNC,Bionic,0xef51c9377feb29856e61625caf9390bd0b67ea18,$0.0000,-2.66%,"$9,722"
DGS,Dragonglass,0x6aedbf8dff31437220df351950ba2a3362168d1b,$0.0001,-3.53%,$0
TRDT,Trident Group,0x33f90dee07c6e8b9682dd20f73e6c358b2ed0f03,$0.0116,--,$0
QVT,QVT,0x1183f92a5624d68e85ffb9170f16bf0443b4c242,$0.0018,--,$0
FLIK,FLiK,0x17fd666fa0784885fa1afec8ac624d9b7e72b752,$0.0002,1.95%,$0
DELTA,DeltaChain Token,0xde1e0ae6101b46520cf66fdc0b1059c5cc3d106c,$0.0000,-2.45%,"$10,297"
CTRT,Cryptrust,0x8606a8f28e1e2fd50b9074d65c01548b1f040b32,$0.0000,-1.98%,"$9,013"
CJT,ConnectJob,0x3abdff32f76b42e7635bdb7e425f0231a5f3ab17,$0.0001,--,$0
BTCONE,BitCoin ONE,0x87f5e8c3425218837f3cb67db941af0c01323e56,$0.0011,-17.83%,$111
ACC,Accelerator,0x13f1b7fdfbe1fc66676d56483e21b1ecb40b58e2,$0.0165,-3.85%,$0
IMP,Ether Kingdoms Token,0x48ff53777f747cfb694101222a944de070c15d36,$0.0213,-12.18%,"$6,939"
TKR,TKRToken,0xb45a50545beeab73f38f31e5973768c421805e5e,$0.0008,--,$0
YLC,YoloCash,0x21d5678a62dfe63a47062469ebb2fac2817d8832,$0.0003,-0.50%,"$2,119"
FNTB,FinTab,0xbd4b60a138b3fce3584ea01f50c0908c18f9677a,$0.0032,73.69%,$1
DALC,DALECOIN,0x07d9e49ea402194bf48a8276dafb16e4ed633317,$0.0146,6.85%,$54
POS,PoSToken,0xee609fe292128cad03b786dbb9bc2634ccdbe7fc,$0.0075,-3.49%,$0
ACTP,Archetypal Network,0x7b2df125567815ac9b57da04b620f50bc93b320c,$0.0000,-26.32%,$1
CMCT,CyberMovieChain,0x7abc60b3290f68c85f495fd2e0c3bd278837a313,$0.0000,-47.82%,"$2,380"
STR,Staker,0xBAE235823D7255D9D48635cEd4735227244Cd583,$0.0041,3.20%,$7
APC,Alpha Coin,0x15bda08c3afbf5955d6e9b235fd55a1fd0dbc829,$0.0005,12.30%,$5
EAGLE,EagleCoin,0x994f0dffdbae0bbf09b652d6f11a493fd33f42b9,$0.0017,--,$0
